Group,HomePlanet
1,Europa
2,Earth
3,Europa
4,Earth
5,Earth
6,Earth
7,Earth
8,Europa
9,Mars
10,Earth
11,Earth
12,Earth
14,Mars
15,Earth
16,Mars
17,Earth
20,Earth
22,Mars
24,Europa
25,Earth
26,Europa
28,Mars
30,Earth
31,Mars
34,Europa
35,Mars
36,Earth
38,Earth
39,Earth
41,Earth
43,Europa
44,Earth
45,Mars
50,Earth
51,Earth
52,Earth
53,Earth
56,Europa
58,Earth
61,Earth
62,Earth
64,Mars
66,Earth
67,Earth
68,Mars
69,Earth
70,Earth
71,Earth
72,Earth
73,Mars
74,Europa
76,Mars
77,Mars
78,Europa
81,Earth
82,Mars
84,Earth
85,Europa
86,Earth
88,Mars
90,Earth
91,Earth
92,Earth
97,Europa
98,Earth
99,Earth
101,Mars
102,Earth
103,Earth
105,Earth
107,Mars
108,Earth
110,Europa
111,Europa
112,Europa
113,Earth
114,Earth
115,Mars
116,Europa
119,Europa
120,Mars
122,Earth
123,Earth
126,Mars
127,Mars
128,Mars
129,Earth
133,Mars
134,Earth
136,Earth
138,Earth
139,Europa
140,Earth
141,Mars
144,Earth
146,Earth
147,Earth
148,Mars
149,Earth
151,Earth
152,Earth
160,Earth
163,Europa
164,Earth
165,Mars
167,Mars
169,Earth
170,Earth
171,Earth
172,Earth
173,Earth
174,Earth
177,Europa
178,Mars
179,Earth
181,Earth
182,Europa
183,Earth
186,Earth
188,Earth
189,Earth
190,Earth
192,Earth
193,Mars
195,Mars
196,Mars
197,Europa
198,Earth
199,Earth
200,Earth
201,Europa
202,Europa
203,Europa
205,Earth
206,Europa
207,Earth
210,
211,Mars
212,Earth
213,Earth
216,Earth
217,Earth
219,Earth
220,Earth
221,Mars
222,Mars
223,Earth
224,Mars
225,Earth
229,Earth
231,Mars
232,Earth
233,Mars
234,Earth
237,Europa
239,Mars
240,Mars
241,Europa
242,
243,Earth
244,Mars
245,Europa
246,Mars
248,Europa
250,Earth
251,
252,Earth
253,Earth
254,Earth
255,Europa
257,Mars
258,Earth
260,Europa
261,Earth
263,Earth
265,Europa
267,Earth
269,Earth
270,Earth
275,Europa
277,Earth
278,Earth
281,Earth
282,Earth
283,Earth
285,Europa
286,Earth
287,Europa
288,Earth
289,Europa
290,Europa
291,Europa
294,Europa
297,Earth
298,Europa
301,Earth
302,Earth
303,
304,Europa
305,Europa
306,Earth
307,Earth
309,Earth
310,Europa
313,Earth
314,Earth
315,
316,Europa
320,Earth
321,
322,Earth
324,Earth
326,Earth
327,Earth
330,Europa
331,Earth
333,Mars
334,Mars
336,Earth
337,Mars
338,Earth
340,Europa
341,Earth
343,Earth
345,Mars
346,Earth
347,Mars
348,Mars
350,Earth
352,Mars
355,Earth
356,Europa
357,Earth
358,Earth
359,Earth
360,Earth
361,Earth
365,Earth
368,Mars
369,Earth
370,Earth
371,Mars
372,Earth
373,Earth
375,Earth
376,Earth
377,Europa
378,Europa
379,Earth
380,Europa
381,Europa
382,
383,Earth
384,Earth
385,Earth
387,Earth
388,Earth
389,Earth
391,Europa
392,Earth
395,Europa
396,Earth
397,Mars
398,Mars
401,Mars
402,
403,Mars
405,Earth
407,Earth
408,Mars
409,Mars
410,Earth
411,Earth
412,Europa
413,Earth
415,Earth
417,Europa
423,Europa
425,Mars
427,Europa
428,Europa
429,Europa
430,Earth
431,Mars
432,Mars
433,Europa
434,Mars
435,Earth
436,Earth
437,Earth
438,Europa
439,Europa
441,Earth
442,Earth
444,Mars
445,Earth
446,Europa
447,Earth
448,Earth
449,Earth
452,Mars
453,Europa
454,Europa
456,Earth
457,Earth
458,Europa
459,Earth
460,Earth
461,Earth
462,Earth
463,Mars
465,Earth
466,Earth
468,Earth
470,Mars
471,Europa
472,Earth
474,Earth
475,Earth
476,Mars
477,Earth
480,Earth
481,Earth
482,Earth
485,Europa
487,Europa
488,Earth
490,Earth
498,Europa
499,Mars
500,Mars
501,Europa
502,Mars
503,Mars
504,Europa
506,Mars
507,Earth
510,Europa
512,Europa
513,Earth
515,Europa
516,Europa
517,Earth
518,
519,Earth
520,Earth
521,Earth
522,Earth
523,Earth
525,Earth
527,Mars
528,Europa
529,Earth
531,Earth
533,Mars
534,Europa
537,Earth
538,Earth
539,Europa
540,Mars
542,Earth
545,Earth
546,Earth
547,Earth
548,Earth
549,Mars
550,Earth
551,Earth
552,Europa
553,Europa
555,Europa
556,Earth
559,Earth
560,Earth
561,Earth
563,Mars
564,Europa
565,Mars
566,Mars
567,Earth
568,Europa
569,Earth
570,Europa
571,Europa
572,Earth
573,Earth
575,Europa
576,Earth
577,Earth
579,Earth
580,Earth
581,Earth
582,Mars
583,Mars
585,Mars
586,Europa
587,Mars
588,Earth
589,Earth
590,Earth
591,Earth
593,Mars
594,Earth
596,Mars
597,Earth
598,Earth
599,Mars
600,Europa
602,Mars
603,Earth
607,Europa
608,Earth
609,Mars
610,Earth
611,Earth
612,Europa
614,Earth
615,Earth
618,Earth
619,Europa
623,Earth
628,Earth
629,Earth
630,Mars
631,Mars
633,Mars
634,Earth
635,Earth
636,Earth
637,Mars
638,Europa
639,Earth
641,Earth
642,Europa
643,Mars
644,Europa
645,Earth
646,Europa
647,Mars
650,Earth
653,Mars
655,Mars
656,Earth
657,Earth
658,Earth
659,Earth
660,Earth
661,Europa
663,Earth
664,Europa
665,Mars
668,Earth
669,Earth
671,Earth
672,Earth
674,Earth
677,Earth
678,Earth
679,Earth
680,Earth
682,Mars
683,Mars
684,Mars
685,Earth
686,Mars
687,Mars
688,Mars
689,Europa
690,Mars
691,Mars
693,Europa
696,Earth
697,Earth
699,Mars
701,Europa
702,Earth
703,Earth
704,Earth
705,Earth
707,Earth
709,Europa
710,Mars
712,Mars
713,Earth
714,Earth
715,Europa
718,Earth
719,Mars
724,Earth
726,Earth
727,Earth
728,Earth
729,Earth
732,Earth
733,Earth
734,Earth
736,Earth
737,Europa
738,Mars
740,Europa
743,Earth
746,Earth
750,Earth
753,Europa
754,Europa
756,Europa
757,Mars
761,Europa
762,Earth
764,Earth
765,Mars
767,Earth
768,Europa
769,Europa
770,Earth
771,Earth
772,Europa
773,Earth
776,Earth
777,Europa
779,Earth
781,Earth
782,Mars
784,Europa
785,Earth
786,Earth
787,Earth
788,Earth
789,Europa
790,Earth
791,Earth
793,Earth
794,Mars
795,Earth
796,Europa
797,Earth
798,Mars
799,Europa
802,Mars
805,Europa
806,Earth
808,Earth
809,Mars
811,Mars
813,Mars
815,Earth
816,Europa
817,Earth
818,Europa
819,Earth
820,Earth
822,Earth
823,Earth
824,Mars
825,Earth
826,Earth
828,Earth
829,Earth
830,Earth
833,Europa
834,Earth
835,Earth
836,Mars
839,Europa
840,Earth
845,Europa
846,Earth
848,Mars
849,Europa
850,Mars
851,Earth
853,
859,Earth
860,Earth
863,Earth
865,Europa
867,Earth
868,Earth
869,Earth
870,Earth
871,Europa
873,Earth
874,Earth
875,Earth
876,Earth
877,Europa
878,Mars
879,Earth
881,Europa
883,Earth
885,Earth
889,Europa
890,Mars
893,Earth
898,Earth
899,Earth
901,Mars
902,Earth
903,Earth
904,Europa
905,Mars
906,Earth
907,Europa
910,Earth
911,Mars
912,Europa
913,Europa
915,Earth
918,Earth
919,Earth
921,Earth
922,Europa
923,Europa
924,Earth
925,Mars
926,Europa
927,Earth
928,Earth
930,Earth
931,Earth
932,Mars
933,Europa
935,Earth
938,Earth
939,Earth
940,Earth
941,Earth
942,Mars
944,Earth
946,Earth
947,Earth
949,Earth
951,Earth
952,Mars
953,Earth
955,Earth
956,Earth
957,Mars
960,Earth
961,Earth
964,Europa
965,Mars
966,Earth
968,Earth
969,Mars
970,Earth
971,Earth
972,Earth
975,Earth
976,Earth
978,Earth
979,Europa
982,Earth
983,Earth
984,Earth
985,Earth
987,Earth
988,Earth
989,Earth
990,Earth
991,Earth
992,Europa
993,Earth
994,Earth
995,Europa
997,Mars
998,Europa
1000,Mars
1001,Earth
1002,Mars
1004,Europa
1005,Earth
1006,Earth
1008,Europa
1011,Earth
1012,Earth
1013,Earth
1014,Mars
1015,Earth
1017,Earth
1018,Earth
1019,Earth
1020,Mars
1022,Earth
1024,Earth
1025,Earth
1026,Earth
1027,Mars
1029,Mars
1030,Earth
1031,Earth
1032,Earth
1033,Earth
1034,Earth
1035,Mars
1036,Earth
1038,Earth
1040,Earth
1041,Europa
1043,Earth
1045,Europa
1046,Earth
1047,Earth
1048,Earth
1049,Mars
1051,Earth
1052,Earth
1053,Earth
1054,Earth
1056,Mars
1057,Europa
1058,Earth
1060,Earth
1062,Earth
1063,Europa
1065,Mars
1066,Mars
1068,Earth
1071,
1075,Europa
1076,Earth
1077,Earth
1078,Earth
1079,Earth
1080,Mars
1082,Mars
1083,Mars
1084,Earth
1085,Earth
1086,Earth
1088,Earth
1089,Europa
1091,Mars
1093,Mars
1094,Earth
1095,Europa
1096,Earth
1097,Mars
1099,Earth
1100,Mars
1102,Mars
1105,Earth
1108,Mars
1110,Europa
1112,Europa
1113,Earth
1114,Mars
1115,Earth
1116,Earth
1117,Earth
1121,Earth
1123,Europa
1127,Europa
1129,Earth
1130,Mars
1132,Earth
1133,Mars
1134,Europa
1136,Earth
1140,Europa
1141,Earth
1142,Earth
1144,Earth
1146,Earth
1147,Europa
1148,Europa
1149,Earth
1150,Earth
1152,Mars
1153,Earth
1154,Europa
1155,Earth
1156,Europa
1161,Europa
1162,Europa
1163,Earth
1165,Europa
1166,Europa
1167,Mars
1168,Earth
1169,Mars
1170,Earth
1173,Earth
1174,Earth
1175,Mars
1177,Europa
1178,Earth
1179,Europa
1180,Earth
1182,Mars
1185,Mars
1186,Earth
1187,Earth
1188,Europa
1190,Earth
1191,Earth
1192,Earth
1193,Europa
1195,Earth
1197,Europa
1198,Mars
1199,Earth
1203,Europa
1206,Earth
1208,Earth
1210,Earth
1211,Earth
1212,Earth
1213,Earth
1214,Earth
1215,Earth
1216,Earth
1218,Earth
1220,Europa
1221,Earth
1222,Earth
1223,Europa
1225,Earth
1228,Mars
1229,Earth
1230,Earth
1231,Mars
1232,Europa
1233,Earth
1234,Earth
1235,Earth
1236,Earth
1238,Europa
1239,Earth
1240,Earth
1242,Europa
1243,Europa
1246,Earth
1248,Earth
1250,Earth
1254,Mars
1255,Mars
1256,Mars
1258,Europa
1259,Earth
1260,Earth
1261,Europa
1263,Mars
1264,Earth
1267,Earth
1269,Mars
1271,Earth
1273,Earth
1274,Earth
1278,Earth
1279,Europa
1280,Earth
1281,Earth
1282,Earth
1283,Earth
1284,Mars
1285,Earth
1286,Mars
1287,Mars
1288,Earth
1289,Earth
1291,Mars
1292,Europa
1293,Earth
1294,Europa
1295,Earth
1299,Earth
1300,Earth
1302,Mars
1304,Earth
1306,Europa
1307,Earth
1308,Europa
1309,Earth
1310,Europa
1311,Mars
1312,Earth
1316,Europa
1317,Mars
1322,Earth
1323,Earth
1324,Earth
1325,Earth
1326,Mars
1328,Earth
1330,Mars
1331,Earth
1332,Earth
1333,Earth
1335,Earth
1336,Earth
1337,Earth
1340,Earth
1342,Earth
1345,Earth
1347,
1348,Europa
1350,Earth
1351,Earth
1352,Mars
1353,Mars
1355,Earth
1356,Earth
1357,Mars
1360,Earth
1362,Earth
1365,Europa
1366,Earth
1368,Earth
1370,Earth
1371,Mars
1375,Earth
1376,Earth
1377,Europa
1378,Earth
1379,Earth
1380,Europa
1381,Earth
1382,Earth
1383,Europa
1384,Earth
1385,
1386,Earth
1387,Mars
1389,Earth
1390,Earth
1391,Mars
1393,Mars
1395,Earth
1397,Earth
1398,Earth
1399,Earth
1400,Earth
1401,Earth
1402,Earth
1403,Earth
1404,Europa
1406,Mars
1407,Earth
1408,Earth
1410,Earth
1412,Earth
1413,Earth
1414,Earth
1415,Europa
1416,Earth
1417,Europa
1419,Mars
1420,Mars
1421,Mars
1423,Europa
1424,Europa
1425,Earth
1426,Europa
1427,Mars
1428,Earth
1430,Earth
1431,Earth
1433,Earth
1434,Earth
1435,Earth
1438,Earth
1439,Mars
1440,Earth
1442,Earth
1443,Earth
1444,Europa
1445,Earth
1447,Earth
1450,Europa
1451,Europa
1452,Europa
1453,Earth
1454,Europa
1455,Europa
1457,Earth
1458,
1460,Earth
1461,Earth
1462,Earth
1463,Earth
1465,Earth
1467,
1474,Mars
1478,Earth
1479,Mars
1481,Mars
1484,Earth
1485,Mars
1488,Mars
1489,Earth
1490,Europa
1491,Earth
1493,Earth
1498,Earth
1499,Earth
1500,Earth
1501,Earth
1503,Mars
1506,Earth
1507,Earth
1509,Mars
1510,Mars
1511,Europa
1515,Earth
1520,Earth
1521,Mars
1523,Europa
1524,Earth
1525,Mars
1526,Earth
1527,Europa
1528,Mars
1529,Europa
1531,Earth
1532,Europa
1533,Earth
1536,Mars
1539,Europa
1540,Europa
1541,Earth
1542,Mars
1543,Europa
1544,Earth
1545,Mars
1547,Earth
1548,Europa
1550,Europa
1551,Europa
1552,Earth
1555,Europa
1558,Earth
1560,Earth
1561,Earth
1562,Earth
1564,Mars
1565,Earth
1567,Europa
1568,Earth
1569,Mars
1572,Earth
1573,Mars
1576,Mars
1577,Earth
1578,Earth
1579,Earth
1580,Earth
1581,Mars
1584,Earth
1585,Earth
1588,Europa
1590,Europa
1592,Europa
1593,Earth
1594,Earth
1595,Europa
1596,Europa
1597,Earth
1599,Europa
1601,Earth
1602,Earth
1603,Earth
1604,Earth
1606,Europa
1608,Earth
1611,Earth
1612,Europa
1613,Earth
1614,Mars
1615,Earth
1617,Mars
1619,Earth
1621,Earth
1622,Mars
1624,Earth
1625,Europa
1626,Earth
1628,Europa
1630,Earth
1631,Earth
1632,Europa
1633,Earth
1634,Earth
1635,Earth
1636,Earth
1637,Earth
1638,Earth
1640,Earth
1644,Earth
1645,
1646,Earth
1647,Earth
1649,Earth
1650,Earth
1651,Earth
1653,Europa
1655,Earth
1656,Earth
1657,Earth
1658,Mars
1659,Earth
1660,Earth
1661,Europa
1662,Earth
1663,Earth
1666,Europa
1668,Earth
1669,Mars
1670,Earth
1671,Europa
1672,Earth
1673,Earth
1674,Earth
1676,Earth
1677,Earth
1681,Earth
1682,Mars
1685,Earth
1687,Mars
1688,Earth
1690,Earth
1691,Mars
1694,Earth
1695,Earth
1696,Europa
1697,Earth
1698,
1699,Earth
1700,Europa
1704,Mars
1705,Mars
1708,Earth
1709,Mars
1710,Earth
1711,Earth
1712,Mars
1713,Earth
1714,Earth
1715,Earth
1717,Earth
1718,Earth
1719,Earth
1721,Earth
1723,Earth
1724,Europa
1725,Earth
1727,Mars
1728,Earth
1729,Earth
1730,Earth
1731,Earth
1733,Earth
1734,Earth
1736,Earth
1738,Earth
1739,Earth
1740,Earth
1742,Mars
1745,Europa
1746,Mars
1747,Earth
1748,Earth
1749,Earth
1752,Earth
1753,Earth
1755,Earth
1757,Earth
1758,Earth
1760,Earth
1761,Earth
1762,Earth
1763,Europa
1764,Mars
1766,Earth
1767,Europa
1768,Earth
1769,Mars
1770,Europa
1771,Earth
1772,Mars
1774,Mars
1775,Earth
1776,Earth
1778,Earth
1779,Earth
1781,Europa
1782,Earth
1783,Earth
1785,Mars
1786,Earth
1792,Mars
1796,Europa
1797,Europa
1798,Earth
1799,Earth
1800,Earth
1802,Earth
1803,Earth
1804,Mars
1805,Earth
1806,Mars
1807,Europa
1808,Earth
1810,Mars
1811,Earth
1812,
1813,Earth
1816,Europa
1817,Earth
1818,Earth
1821,Earth
1822,Earth
1823,
1826,Earth
1827,Earth
1828,Earth
1829,Europa
1831,Earth
1833,Europa
1834,Mars
1836,Earth
1841,Earth
1843,Europa
1844,Earth
1846,Earth
1847,Earth
1848,Earth
1849,Earth
1850,Earth
1853,Earth
1854,Europa
1855,Earth
1856,Earth
1857,Mars
1859,Mars
1860,Europa
1861,Mars
1863,Earth
1864,Mars
1865,Earth
1866,Earth
1868,Mars
1871,Europa
1872,Mars
1873,Earth
1874,Earth
1877,Earth
1878,Earth
1879,Europa
1880,Earth
1881,Earth
1882,Europa
1884,Mars
1886,Earth
1887,Earth
1888,Earth
1889,Earth
1890,Earth
1891,Mars
1892,Europa
1897,Europa
1898,Earth
1899,Earth
1901,Europa
1902,Earth
1903,Earth
1905,Earth
1906,Earth
1907,Europa
1908,Mars
1911,Earth
1915,Earth
1916,Europa
1918,Europa
1920,Mars
1922,Earth
1923,Europa
1925,Earth
1926,
1927,Mars
1928,Earth
1931,Europa
1933,Earth
1935,Earth
1937,Earth
1938,Earth
1939,Mars
1940,Mars
1941,Earth
1942,Earth
1945,Earth
1946,Earth
1947,Earth
1950,Earth
1952,Earth
1953,Earth
1956,Mars
1957,Earth
1959,Europa
1960,Earth
1961,Earth
1962,Earth
1963,Earth
1964,Europa
1967,Earth
1968,Earth
1969,Europa
1971,Earth
1973,Europa
1974,Mars
1975,Earth
1976,Europa
1977,Mars
1978,
1979,Earth
1980,Earth
1981,Earth
1983,Earth
1984,Europa
1985,Mars
1988,Earth
1991,Earth
1992,Mars
1993,Earth
1994,Earth
1995,Earth
1996,Earth
1997,Earth
1999,Earth
2000,Europa
2001,Earth
2003,Earth
2006,Earth
2007,Europa
2009,Europa
2010,Earth
2011,Earth
2012,Europa
2013,Earth
2015,Earth
2019,Europa
2022,Earth
2024,Earth
2026,Earth
2027,Earth
2028,Earth
2029,Earth
2032,Mars
2034,Earth
2038,Earth
2040,Europa
2041,Earth
2042,Earth
2043,Mars
2044,Earth
2045,Earth
2046,Earth
2051,Earth
2052,Mars
2053,Europa
2054,Europa
2055,Earth
2056,Earth
2059,Earth
2060,
2061,Europa
2062,Mars
2063,Earth
2065,Earth
2066,Earth
2067,Europa
2070,Earth
2071,Europa
2073,Earth
2074,Europa
2075,Earth
2080,Earth
2081,Earth
2082,Earth
2083,Earth
2084,Europa
2085,Europa
2086,Europa
2087,Earth
2088,Earth
2089,Earth
2090,Earth
2091,Earth
2092,Mars
2094,Mars
2095,Earth
2096,Mars
2097,Europa
2099,Mars
2100,Earth
2102,Europa
2104,Earth
2105,Earth
2106,Earth
2107,Earth
2110,Earth
2111,Mars
2112,Mars
2114,Europa
2115,Europa
2116,Earth
2117,Europa
2118,Earth
2120,Mars
2121,Earth
2123,Earth
2124,Earth
2125,Earth
2126,Earth
2127,Earth
2128,Earth
2129,Earth
2130,Earth
2131,Earth
2133,Mars
2134,Mars
2135,Earth
2136,Earth
2137,Mars
2138,Earth
2139,Mars
2140,Earth
2141,Earth
2142,Mars
2143,Earth
2144,Earth
2145,Earth
2147,Mars
2148,Earth
2149,Europa
2150,Earth
2152,Earth
2153,Earth
2154,Earth
2156,Earth
2158,Earth
2159,Earth
2161,Mars
2162,Mars
2163,Earth
2164,Europa
2167,Earth
2168,Mars
2171,Earth
2172,Earth
2173,Earth
2175,Earth
2177,Mars
2179,Europa
2180,Earth
2182,Europa
2183,Mars
2186,Earth
2187,Earth
2188,Earth
2189,Earth
2190,Earth
2191,Mars
2193,Earth
2194,Earth
2195,Earth
2196,Europa
2198,Earth
2200,Mars
2201,Europa
2202,Mars
2203,Mars
2204,Europa
2205,Earth
2206,Earth
2207,Earth
2209,Earth
2210,Earth
2211,Earth
2212,Earth
2215,Europa
2219,Earth
2220,Earth
2221,Earth
2223,Earth
2224,Earth
2225,Earth
2228,Mars
2229,Earth
2231,Mars
2232,Earth
2233,Earth
2234,Mars
2235,Earth
2237,Europa
2238,Europa
2239,Earth
2241,Earth
2243,Earth
2251,Europa
2252,Earth
2253,Earth
2254,Earth
2255,Europa
2256,Earth
2257,Europa
2258,Earth
2261,Earth
2262,Earth
2263,Earth
2264,Earth
2266,Mars
2267,Mars
2268,Earth
2269,Mars
2270,Mars
2272,Earth
2273,Earth
2274,Europa
2275,Mars
2277,Earth
2278,Europa
2279,Europa
2280,Europa
2281,Earth
2282,Earth
2284,Mars
2287,Earth
2288,Earth
2289,Mars
2291,Earth
2295,Earth
2296,Earth
2298,Earth
2299,Mars
2300,Europa
2301,Earth
2302,Europa
2303,Mars
2305,Earth
2306,Europa
2308,Europa
2309,Earth
2310,Europa
2311,Earth
2312,
2313,Mars
2314,Earth
2315,Europa
2316,Earth
2317,Earth
2318,Earth
2319,
2320,Earth
2321,Earth
2325,Earth
2327,Europa
2329,Mars
2332,Earth
2333,Mars
2336,Europa
2338,Earth
2339,Mars
2340,Earth
2341,Earth
2345,Earth
2347,Earth
2348,Europa
2349,Earth
2353,Earth
2356,Mars
2357,Earth
2360,Earth
2361,Earth
2363,Europa
2364,Earth
2365,Europa
2366,Mars
2367,Earth
2368,Mars
2369,Earth
2373,Europa
2374,Mars
2375,Earth
2376,Earth
2377,Europa
2379,Earth
2382,Earth
2384,Earth
2385,Mars
2387,Earth
2389,Earth
2390,Earth
2391,Earth
2392,
2395,Earth
2396,Earth
2397,Earth
2398,Earth
2399,Mars
2401,Earth
2402,Earth
2403,Earth
2404,Europa
2406,Mars
2409,Earth
2410,Earth
2411,Earth
2412,Earth
2413,Earth
2414,Europa
2416,Earth
2417,Earth
2419,Earth
2421,Mars
2423,Earth
2424,Earth
2426,Mars
2427,Europa
2429,Earth
2431,Earth
2432,Earth
2433,Europa
2435,Earth
2436,Earth
2438,Mars
2439,Earth
2441,Earth
2442,Mars
2443,
2444,Earth
2445,Earth
2446,Earth
2449,Mars
2451,
2452,Earth
2453,Mars
2454,Earth
2455,Mars
2456,Earth
2457,Earth
2458,Earth
2460,Earth
2461,
2462,Earth
2463,Earth
2466,Earth
2467,Mars
2470,Earth
2471,Earth
2472,Earth
2474,Mars
2475,Europa
2476,Earth
2477,Europa
2478,Earth
2479,Earth
2480,Earth
2483,Earth
2486,Earth
2488,Mars
2489,Europa
2491,Earth
2492,Mars
2496,Earth
2497,Earth
2498,Earth
2499,Europa
2500,Earth
2502,Earth
2503,Mars
2505,Earth
2506,Europa
2508,Europa
2509,Earth
2510,Mars
2512,Europa
2513,Earth
2515,Europa
2516,Earth
2518,Europa
2519,Earth
2520,Europa
2521,Mars
2522,Mars
2523,Europa
2524,Europa
2526,Europa
2527,Earth
2528,Mars
2530,Mars
2531,Earth
2532,Mars
2534,Europa
2535,Earth
2537,Earth
2540,Mars
2541,Europa
2542,Mars
2544,Europa
2545,Earth
2546,Earth
2547,Europa
2548,Earth
2549,Mars
2550,Earth
2551,Earth
2552,Earth
2553,Europa
2555,Europa
2557,Europa
2558,Mars
2559,Europa
2560,Earth
2561,Earth
2562,Mars
2564,Europa
2565,Mars
2571,Earth
2572,Europa
2573,Europa
2574,Earth
2578,Earth
2580,Earth
2581,Earth
2582,Earth
2584,Earth
2588,Earth
2589,Europa
2590,Earth
2591,Earth
2592,Mars
2593,Earth
2594,Europa
2595,Mars
2596,Mars
2597,Mars
2598,Mars
2599,Earth
2601,Mars
2602,Mars
2605,Mars
2606,Earth
2607,Europa
2609,Earth
2616,Earth
2617,Earth
2618,
2619,Earth
2622,Earth
2624,Earth
2625,Earth
2626,Earth
2627,Earth
2628,Europa
2629,Earth
2631,Mars
2633,Earth
2634,Mars
2635,Mars
2636,Earth
2638,Earth
2640,Earth
2641,Earth
2642,
2643,Earth
2645,Europa
2646,Europa
2647,Earth
2648,Earth
2649,Mars
2650,Earth
2651,Europa
2652,Earth
2655,Earth
2657,Earth
2658,Earth
2659,Mars
2660,Earth
2661,Earth
2662,Mars
2663,Earth
2664,Mars
2666,Mars
2668,Earth
2670,Earth
2671,Earth
2672,Earth
2675,Europa
2676,Europa
2677,Europa
2678,Earth
2679,Earth
2682,Earth
2683,Europa
2684,Europa
2685,Earth
2687,Earth
2688,
2690,Earth
2691,Earth
2692,Earth
2693,Europa
2695,Mars
2697,Mars
2698,Europa
2700,Earth
2701,Earth
2702,Earth
2703,Earth
2704,Earth
2706,Europa
2707,Europa
2708,Earth
2709,Mars
2712,Europa
2713,Earth
2714,Earth
2717,Earth
2718,Europa
2720,Earth
2721,Earth
2722,Mars
2723,Europa
2724,Mars
2725,Earth
2726,Earth
2727,Earth
2729,Earth
2730,Earth
2732,Earth
2734,Mars
2736,Mars
2737,Europa
2738,Mars
2739,Earth
2740,Earth
2741,Mars
2743,Earth
2745,Mars
2746,Mars
2747,Mars
2748,Earth
2750,Earth
2751,Mars
2752,Earth
2753,Earth
2754,Earth
2755,Europa
2756,Mars
2758,Earth
2759,Earth
2760,Earth
2762,Earth
2763,Earth
2764,Earth
2765,Mars
2768,Earth
2769,Earth
2770,Earth
2772,Earth
2773,Mars
2774,Earth
2778,Mars
2780,Earth
2781,Earth
2783,Europa
2784,Earth
2785,Europa
2786,Earth
2787,Earth
2788,Earth
2789,Earth
2790,Europa
2792,Earth
2793,Earth
2795,Europa
2796,Earth
2797,Earth
2798,Europa
2799,Earth
2801,Europa
2802,Earth
2805,Earth
2806,Mars
2807,Earth
2809,Earth
2810,Earth
2811,Earth
2812,Mars
2813,Earth
2814,
2817,
2818,Mars
2819,Earth
2820,Earth
2821,Earth
2822,Earth
2823,Mars
2824,Europa
2825,Mars
2826,Europa
2831,Europa
2832,Earth
2834,Europa
2835,Europa
2837,Earth
2838,Mars
2839,Europa
2840,Earth
2843,Mars
2846,Earth
2847,Earth
2852,Earth
2853,Earth
2854,Earth
2856,Europa
2857,Earth
2858,Europa
2859,Europa
2860,Earth
2861,Earth
2862,Mars
2863,Earth
2865,Mars
2866,Europa
2867,Mars
2869,Earth
2870,Earth
2871,Europa
2872,Earth
2873,Mars
2875,Europa
2876,Earth
2877,Earth
2878,Mars
2880,Earth
2881,Earth
2882,Earth
2883,Earth
2884,Mars
2887,Earth
2888,Mars
2890,Europa
2891,Earth
2892,Earth
2893,Earth
2894,Earth
2897,Earth
2899,Mars
2900,Mars
2901,Earth
2902,Earth
2905,Earth
2906,Earth
2907,Earth
2908,Earth
2909,Earth
2910,Earth
2912,Mars
2913,Mars
2919,Mars
2920,Earth
2925,Mars
2926,Mars
2927,Mars
2928,Europa
2929,Earth
2930,Earth
2934,Earth
2935,Europa
2936,Earth
2938,Europa
2940,Earth
2941,Earth
2942,Earth
2943,Earth
2944,Earth
2945,Earth
2948,Europa
2949,Earth
2950,Earth
2953,
2954,Earth
2956,Earth
2958,Earth
2959,Earth
2960,Earth
2961,Earth
2962,Mars
2964,Europa
2965,Earth
2966,Earth
2968,Earth
2969,Earth
2970,Earth
2971,Europa
2972,Earth
2975,Earth
2979,Europa
2982,Europa
2983,Earth
2984,Europa
2986,Mars
2988,Europa
2990,Earth
2992,
2993,Earth
2994,Earth
2995,Europa
2996,Earth
2998,Europa
3000,Earth
3001,Europa
3003,Europa
3004,Earth
3005,Mars
3006,Earth
3009,Mars
3010,Europa
3012,Earth
3013,
3014,Europa
3015,Earth
3018,Earth
3019,Mars
3020,Europa
3021,Earth
3022,Europa
3023,Mars
3024,Earth
3025,Earth
3026,Earth
3027,Earth
3029,Europa
3030,Europa
3032,Earth
3033,Earth
3034,Europa
3036,Earth
3038,Mars
3039,Europa
3040,Mars
3042,Earth
3044,Earth
3045,Earth
3047,Mars
3048,Mars
3050,Europa
3053,Europa
3054,Earth
3055,Earth
3060,Mars
3061,Earth
3062,Mars
3063,Earth
3064,Earth
3065,Europa
3066,Earth
3067,Earth
3068,Earth
3070,Earth
3071,Europa
3073,Mars
3076,Earth
3079,Earth
3080,Earth
3081,Europa
3082,Earth
3083,Europa
3084,Mars
3085,Earth
3087,Earth
3088,Europa
3090,Europa
3091,Europa
3092,Earth
3093,Mars
3095,Mars
3096,Mars
3099,Mars
3100,Earth
3102,Europa
3103,Europa
3104,Earth
3110,Earth
3111,Mars
3112,Earth
3113,Mars
3114,Mars
3116,Earth
3117,Earth
3118,Earth
3119,Earth
3120,Mars
3121,Earth
3123,Earth
3124,Mars
3126,Europa
3128,Earth
3130,Mars
3131,Earth
3132,Mars
3133,Earth
3134,Europa
3136,Earth
3138,Earth
3140,Mars
3142,Mars
3143,Mars
3145,Mars
3147,Earth
3149,Earth
3152,Earth
3158,Mars
3159,Mars
3161,Europa
3162,Earth
3163,Mars
3164,Earth
3166,Mars
3168,Earth
3169,Earth
3171,Earth
3172,
3174,Mars
3175,Europa
3176,Europa
3179,Earth
3180,Earth
3181,Earth
3182,Earth
3184,Europa
3185,Earth
3188,Mars
3189,Mars
3191,Mars
3192,Earth
3193,Mars
3195,Earth
3196,Mars
3197,Earth
3200,Earth
3201,Earth
3203,Earth
3204,Europa
3205,Earth
3206,Earth
3209,Mars
3210,Europa
3211,Earth
3212,Earth
3213,Mars
3215,
3216,Earth
3217,Mars
3218,Earth
3219,Mars
3220,Earth
3221,Earth
3223,Earth
3224,Earth
3225,Europa
3227,Earth
3229,Europa
3230,Mars
3232,Mars
3235,Earth
3236,Earth
3237,Mars
3238,Mars
3239,Earth
3240,Earth
3241,Earth
3243,Earth
3247,Earth
3248,Earth
3252,Earth
3253,Earth
3254,Europa
3255,Earth
3256,Europa
3258,Earth
3259,Earth
3260,Earth
3262,Earth
3268,Mars
3269,Europa
3270,Earth
3271,Earth
3272,Earth
3273,Earth
3274,Earth
3275,Earth
3276,Europa
3279,Europa
3280,Earth
3282,Europa
3283,Earth
3284,Earth
3287,Earth
3289,Earth
3292,Europa
3293,Mars
3294,Earth
3295,Earth
3296,Earth
3297,Earth
3298,Earth
3299,Earth
3300,Mars
3301,Earth
3304,Europa
3305,Mars
3308,Earth
3309,Earth
3310,Europa
3311,Europa
3312,Europa
3313,Europa
3314,Earth
3315,Earth
3317,Earth
3318,Europa
3319,Earth
3322,Earth
3323,Europa
3324,Mars
3325,Earth
3326,Earth
3327,Earth
3328,Earth
3329,Earth
3330,Mars
3331,
3332,Mars
3336,Mars
3337,Europa
3338,Earth
3339,Earth
3342,Earth
3343,Earth
3348,Earth
3349,Europa
3350,Earth
3352,Earth
3353,Europa
3357,Earth
3359,Earth
3360,Europa
3361,Mars
3363,Earth
3364,Europa
3365,Earth
3370,Mars
3371,Earth
3372,Earth
3377,Mars
3380,Earth
3381,Earth
3382,Earth
3383,Earth
3384,Earth
3386,Mars
3387,Earth
3389,Mars
3390,Mars
3391,Europa
3392,Earth
3394,Earth
3395,Earth
3396,Europa
3397,Earth
3401,Earth
3402,Mars
3403,Earth
3404,Earth
3405,Earth
3406,Europa
3408,Earth
3409,Earth
3410,Earth
3412,Europa
3413,Earth
3415,Earth
3417,
3418,Mars
3419,Mars
3420,Earth
3421,Earth
3422,Europa
3423,Earth
3424,Earth
3425,Europa
3426,Earth
3428,Europa
3430,Earth
3431,Mars
3432,Earth
3433,Europa
3434,Earth
3437,Earth
3438,Earth
3439,Europa
3440,Earth
3441,Earth
3442,Earth
3443,Earth
3444,Europa
3445,Earth
3446,Earth
3447,Earth
3449,Earth
3450,Europa
3453,Earth
3454,Earth
3455,Mars
3456,Earth
3458,Mars
3459,Earth
3461,Earth
3462,Europa
3464,Earth
3465,Mars
3467,Earth
3468,Earth
3469,Europa
3470,Earth
3473,Earth
3474,Europa
3475,Europa
3476,Earth
3478,Europa
3480,Earth
3483,Earth
3484,Earth
3485,Europa
3486,Earth
3487,Europa
3488,Europa
3489,Mars
3490,Europa
3491,Earth
3492,Earth
3495,Europa
3496,Mars
3497,Mars
3499,Earth
3501,Mars
3504,Earth
3506,Europa
3511,Mars
3512,Earth
3514,Earth
3515,Mars
3518,Earth
3519,Earth
3520,Earth
3521,Europa
3523,
3525,Mars
3527,Mars
3528,Earth
3530,Earth
3531,Mars
3533,Mars
3534,Earth
3535,Mars
3536,Europa
3537,Earth
3539,Earth
3540,Earth
3542,Mars
3543,Europa
3546,Earth
3547,Mars
3548,Earth
3550,Earth
3552,Europa
3553,Mars
3555,Earth
3556,Earth
3558,Mars
3559,Mars
3560,Mars
3561,Mars
3562,Mars
3563,Earth
3564,Earth
3565,Earth
3566,Earth
3567,Earth
3568,Earth
3569,Mars
3570,
3572,Earth
3573,Earth
3576,Earth
3577,Mars
3578,Mars
3579,Earth
3582,Earth
3584,Earth
3586,Earth
3588,Mars
3591,Earth
3592,Mars
3594,Earth
3595,Europa
3596,Mars
3597,Earth
3598,Earth
3600,Earth
3602,Mars
3605,Earth
3606,Earth
3607,Mars
3608,Europa
3609,Europa
3610,Earth
3612,Earth
3613,Earth
3614,Earth
3615,Earth
3616,Earth
3619,Europa
3620,Europa
3622,Europa
3624,
3625,Earth
3626,Earth
3628,Earth
3629,Mars
3630,Earth
3631,Earth
3634,Earth
3636,Mars
3639,Europa
3640,Earth
3641,Earth
3642,Earth
3644,Mars
3645,Mars
3647,Europa
3648,Earth
3650,Earth
3652,Earth
3653,Earth
3654,Earth
3655,Earth
3658,Earth
3660,Earth
3662,Europa
3664,Mars
3665,Earth
3667,Europa
3668,Europa
3671,Earth
3674,Earth
3677,Earth
3678,Earth
3679,Europa
3680,Europa
3681,Europa
3682,Mars
3686,Earth
3688,Mars
3690,Earth
3691,Mars
3692,Earth
3693,Earth
3699,Europa
3700,Earth
3702,Mars
3703,Mars
3704,Earth
3705,Earth
3706,Mars
3707,Earth
3708,Earth
3710,Earth
3711,Mars
3713,Europa
3714,Mars
3715,Earth
3716,Earth
3719,Mars
3724,Earth
3726,Earth
3728,Earth
3729,Earth
3732,Europa
3733,Europa
3734,Earth
3735,Europa
3736,Europa
3737,Earth
3739,Earth
3741,Europa
3742,Earth
3743,Earth
3744,Mars
3745,Earth
3747,Europa
3748,Mars
3749,Europa
3750,Earth
3751,Earth
3752,Europa
3753,Earth
3754,Earth
3755,Earth
3756,Mars
3757,Earth
3758,Earth
3759,Earth
3760,Earth
3761,
3765,Mars
3767,Europa
3768,Earth
3769,Mars
3770,Earth
3771,Europa
3772,Earth
3773,Earth
3774,Earth
3775,Mars
3776,Europa
3777,Europa
3778,Earth
3779,Earth
3781,Europa
3783,Earth
3784,Earth
3785,Earth
3786,Mars
3787,Mars
3788,Mars
3789,Earth
3790,
3793,Earth
3795,Europa
3796,Europa
3797,Europa
3798,Europa
3801,Earth
3803,Mars
3804,Earth
3805,Earth
3807,Earth
3810,Earth
3811,Mars
3812,Earth
3814,Europa
3815,Earth
3816,Earth
3817,Mars
3818,Earth
3820,Mars
3821,Earth
3822,Earth
3823,Mars
3824,Earth
3826,
3830,Earth
3831,Mars
3832,Earth
3835,Earth
3836,Mars
3838,Earth
3839,Mars
3841,Mars
3842,Earth
3846,Earth
3847,Europa
3848,Earth
3849,Earth
3850,Europa
3851,Europa
3852,Mars
3853,Earth
3854,Earth
3856,Earth
3857,Europa
3862,Mars
3864,Europa
3866,
3867,Earth
3868,Earth
3870,Europa
3871,Europa
3872,Mars
3873,Earth
3874,Earth
3875,Earth
3879,Mars
3883,Europa
3886,Earth
3888,Earth
3890,Earth
3894,Earth
3895,Mars
3896,
3897,Earth
3898,Earth
3899,Europa
3903,Earth
3904,Earth
3907,Earth
3909,Europa
3911,Earth
3912,Earth
3913,Earth
3915,Earth
3916,Europa
3917,Europa
3919,Earth
3921,Earth
3922,Earth
3923,Earth
3924,Earth
3926,Earth
3927,Europa
3928,Europa
3930,Earth
3931,Earth
3932,Mars
3933,Earth
3935,Earth
3936,Earth
3937,Earth
3938,Mars
3939,Earth
3940,Mars
3941,Earth
3942,Earth
3944,Mars
3945,Earth
3946,Mars
3948,Earth
3949,Earth
3950,Europa
3952,Earth
3954,Earth
3955,Earth
3958,Mars
3959,Earth
3960,Earth
3961,Mars
3962,Earth
3963,Earth
3964,Earth
3966,Earth
3967,Mars
3968,Earth
3970,Mars
3971,Earth
3973,Europa
3974,Earth
3976,Europa
3977,Earth
3980,Earth
3981,Earth
3984,Earth
3985,Earth
3986,Mars
3987,Earth
3988,Mars
3991,Earth
3992,Earth
3994,Europa
3995,Earth
3996,Earth
3997,Earth
3998,Europa
3999,Earth
4000,Earth
4001,Earth
4002,Mars
4003,Earth
4005,Earth
4006,Earth
4008,Mars
4009,Earth
4010,Earth
4013,Mars
4014,Europa
4016,Earth
4017,Mars
4018,Earth
4019,Earth
4020,Europa
4021,Mars
4022,Earth
4023,Earth
4026,Europa
4027,Earth
4030,Earth
4031,Europa
4032,Earth
4033,Europa
4034,Mars
4035,Earth
4036,Earth
4037,Earth
4038,Earth
4039,Earth
4040,Earth
4042,Europa
4043,Earth
4044,Mars
4045,Mars
4046,Earth
4047,Earth
4049,Europa
4050,Europa
4053,Earth
4055,Earth
4058,Earth
4060,Earth
4061,Mars
4063,Earth
4064,Earth
4065,Earth
4066,Europa
4068,Europa
4069,Earth
4071,Europa
4072,Earth
4075,Europa
4076,Earth
4078,
4079,Mars
4080,Earth
4081,Earth
4082,Mars
4083,Europa
4084,Europa
4089,Europa
4090,Mars
4091,Earth
4093,Earth
4095,Earth
4096,Mars
4097,Earth
4098,Earth
4099,Earth
4101,Mars
4102,Europa
4103,Earth
4104,Earth
4106,Earth
4107,Earth
4108,Europa
4109,Earth
4110,Earth
4112,Earth
4113,Europa
4114,Mars
4115,Earth
4116,Earth
4120,Earth
4125,Earth
4127,Europa
4128,Mars
4129,Earth
4130,Mars
4131,Europa
4132,Earth
4134,
4135,Mars
4137,Earth
4140,Earth
4141,Earth
4142,Europa
4143,Mars
4144,Earth
4145,Earth
4147,Europa
4149,Earth
4150,Earth
4151,Earth
4152,Earth
4154,Mars
4156,Earth
4158,Earth
4159,Earth
4160,Mars
4163,Earth
4165,Earth
4166,Europa
4167,Earth
4168,Earth
4169,Europa
4170,Europa
4171,Earth
4172,Mars
4173,Earth
4174,Earth
4175,Earth
4176,Mars
4177,Europa
4178,Earth
4179,Europa
4181,Europa
4182,Europa
4183,Earth
4184,Earth
4185,Earth
4186,Earth
4188,Earth
4189,Earth
4191,Mars
4194,Mars
4196,Earth
4197,Earth
4199,Earth
4203,Mars
4204,Earth
4205,Earth
4206,Earth
4207,Europa
4208,Mars
4210,Europa
4211,Europa
4212,
4213,Earth
4214,Europa
4215,Mars
4216,Europa
4218,Mars
4219,Mars
4220,Earth
4221,Earth
4222,Earth
4223,Mars
4225,Mars
4229,Earth
4230,Earth
4231,Earth
4232,Europa
4233,Europa
4237,Earth
4238,Europa
4239,Earth
4240,Europa
4242,Mars
4243,Mars
4244,Earth
4245,Earth
4246,Earth
4249,Europa
4251,Earth
4252,Earth
4253,Earth
4254,Europa
4255,Earth
4256,Earth
4257,Earth
4258,Europa
4259,Mars
4260,Earth
4261,Mars
4262,Europa
4264,Earth
4266,Earth
4267,Earth
4270,Europa
4271,Europa
4272,Earth
4273,Earth
4274,Earth
4278,Europa
4280,Mars
4289,Mars
4291,Earth
4292,Europa
4293,Earth
4294,Earth
4295,Mars
4296,Earth
4297,Europa
4300,
4301,Europa
4302,Earth
4303,Earth
4305,Earth
4306,Mars
4309,Earth
4311,Earth
4312,Europa
4315,Earth
4316,Earth
4317,Mars
4318,Mars
4319,Earth
4320,Earth
4324,Mars
4327,Earth
4329,Earth
4330,Mars
4332,Earth
4333,Europa
4334,Europa
4335,Mars
4336,Europa
4337,Mars
4338,Europa
4339,Mars
4340,Earth
4343,Earth
4344,Earth
4345,Earth
4346,Earth
4347,Earth
4348,Europa
4349,Mars
4350,Earth
4351,Earth
4352,Europa
4354,Earth
4356,Europa
4357,Mars
4358,Earth
4359,Europa
4360,Mars
4361,Earth
4362,Europa
4364,Earth
4365,
4366,Earth
4367,Earth
4368,Mars
4369,Earth
4370,Earth
4371,Europa
4372,Mars
4373,Earth
4376,Earth
4382,Earth
4383,Europa
4386,Europa
4387,Mars
4388,Europa
4390,Mars
4391,Earth
4392,Earth
4393,Earth
4395,Earth
4396,Earth
4397,Earth
4399,Earth
4400,Mars
4401,Earth
4402,Earth
4403,Earth
4404,Earth
4405,Europa
4407,Earth
4408,Mars
4409,Europa
4410,Earth
4411,Earth
4413,Earth
4415,Mars
4416,Europa
4422,Europa
4424,Mars
4426,Mars
4427,Europa
4428,Europa
4429,Mars
4430,Earth
4431,Earth
4432,Earth
4433,Earth
4436,Earth
4437,Earth
4438,Mars
4440,
4441,Europa
4444,Earth
4445,Earth
4446,Europa
4447,Earth
4448,Earth
4449,Mars
4450,Europa
4451,
4452,Earth
4453,Europa
4456,Earth
4457,Earth
4459,Earth
4461,Mars
4462,Earth
4463,Europa
4464,Earth
4465,Europa
4466,Europa
4467,Earth
4469,Europa
4470,Earth
4472,Earth
4473,Mars
4474,Earth
4475,Europa
4476,Earth
4477,Earth
4479,Mars
4482,Earth
4483,Mars
4485,Mars
4486,Earth
4487,Earth
4490,Europa
4491,Europa
4492,Earth
4493,Earth
4494,Mars
4496,Earth
4497,Earth
4498,Earth
4500,Earth
4501,
4502,Mars
4505,Europa
4506,Mars
4508,Mars
4509,Mars
4510,Europa
4511,Europa
4512,Mars
4514,Earth
4515,Earth
4516,Earth
4517,Earth
4518,Earth
4521,Earth
4522,Earth
4524,Earth
4529,Earth
4530,Earth
4531,Europa
4532,Earth
4533,Europa
4534,Earth
4535,Earth
4537,Earth
4538,Earth
4539,Earth
4542,Europa
4543,Mars
4544,Earth
4546,Earth
4547,Earth
4549,Earth
4550,Earth
4552,Mars
4553,Europa
4555,Earth
4557,Earth
4558,Europa
4559,Earth
4560,Earth
4561,Europa
4562,Europa
4563,Europa
4564,Earth
4565,Earth
4567,Earth
4568,Mars
4569,Europa
4570,Europa
4571,Earth
4572,Earth
4573,Earth
4574,Mars
4575,Earth
4576,Earth
4577,Mars
4580,Mars
4581,Europa
4585,Europa
4586,Mars
4587,Europa
4591,Europa
4592,Mars
4593,Earth
4594,Europa
4595,Europa
4596,
4597,Earth
4602,Earth
4603,Europa
4604,Earth
4605,Earth
4606,Europa
4607,Earth
4608,Earth
4609,Europa
4610,Earth
4611,Earth
4612,Earth
4613,Europa
4615,Mars
4617,Earth
4620,Earth
4621,Mars
4622,Earth
4623,Europa
4624,Mars
4625,Europa
4628,Europa
4630,Earth
4631,Europa
4632,Europa
4633,Earth
4634,Earth
4635,Earth
4637,Mars
4638,Europa
4640,Earth
4641,Earth
4642,Europa
4643,Earth
4644,Earth
4645,Europa
4646,Earth
4648,
4649,Earth
4650,Earth
4651,Europa
4652,Earth
4653,Earth
4654,Europa
4655,Europa
4656,Earth
4657,Earth
4658,Europa
4659,Earth
4661,Earth
4662,Europa
4663,Earth
4664,Earth
4665,Earth
4667,Earth
4668,Europa
4672,Earth
4673,Earth
4676,Earth
4677,Europa
4678,Earth
4679,Europa
4680,Mars
4684,Mars
4686,Earth
4689,Europa
4690,Europa
4691,Earth
4693,Europa
4694,Earth
4695,Mars
4696,Mars
4699,Earth
4704,Europa
4706,Earth
4708,Mars
4709,Earth
4710,Mars
4711,Mars
4712,Earth
4713,Earth
4714,Earth
4717,Earth
4719,Mars
4720,Earth
4721,Earth
4723,Earth
4725,Earth
4726,Europa
4728,Mars
4730,Europa
4732,Europa
4733,Earth
4738,Mars
4739,Earth
4741,Mars
4743,Europa
4744,Europa
4746,Earth
4748,Mars
4750,Europa
4752,Mars
4753,Mars
4754,Earth
4755,Mars
4756,Europa
4757,Earth
4758,Earth
4759,Earth
4762,Mars
4763,Mars
4764,Earth
4769,Earth
4770,Earth
4772,Earth
4773,Earth
4774,Mars
4775,Earth
4777,Earth
4778,Europa
4780,Mars
4782,Europa
4783,Europa
4784,Mars
4785,Europa
4786,Europa
4787,Earth
4788,Earth
4790,Europa
4791,Earth
4792,Earth
4793,Europa
4794,Earth
4795,Earth
4796,Mars
4797,Earth
4798,Mars
4801,Earth
4803,Earth
4804,Earth
4807,Earth
4808,Mars
4810,Earth
4813,Europa
4814,Earth
4815,Earth
4817,Mars
4818,Mars
4819,Mars
4822,Mars
4823,Earth
4827,Earth
4828,Earth
4829,Mars
4830,Earth
4831,Mars
4832,Earth
4836,Mars
4837,Earth
4838,Earth
4840,
4841,Europa
4842,Mars
4845,Europa
4846,Earth
4847,Earth
4848,Earth
4850,Earth
4851,Earth
4853,Europa
4856,Earth
4857,Earth
4862,Earth
4863,Europa
4864,Earth
4866,Earth
4868,Earth
4870,Earth
4871,Earth
4873,Europa
4874,Mars
4875,Earth
4876,Mars
4878,Mars
4879,Earth
4880,Earth
4881,Mars
4882,Europa
4883,
4884,Mars
4885,Mars
4886,Earth
4887,Earth
4888,Europa
4889,Earth
4890,Earth
4891,Europa
4892,Earth
4893,Earth
4895,Earth
4896,Earth
4897,Earth
4898,Earth
4899,Earth
4900,Earth
4901,Earth
4902,Earth
4903,Earth
4904,Earth
4909,Earth
4910,Europa
4911,Earth
4912,Mars
4913,Mars
4915,Earth
4916,Mars
4917,Europa
4918,Earth
4920,Earth
4923,Mars
4924,Mars
4925,Mars
4927,Mars
4929,Mars
4930,Europa
4932,Mars
4933,Mars
4934,Earth
4937,Earth
4938,Earth
4939,Earth
4940,Earth
4941,Mars
4942,Earth
4943,Mars
4944,Europa
4945,Earth
4946,Earth
4950,Earth
4951,Mars
4952,Mars
4954,Earth
4956,Earth
4958,Earth
4961,Mars
4963,Earth
4964,Mars
4965,Earth
4970,Earth
4972,Europa
4973,Earth
4974,Europa
4975,Earth
4977,Earth
4978,Earth
4979,Earth
4980,Earth
4981,Earth
4983,Earth
4987,Earth
4989,Earth
4990,Europa
4991,Earth
4992,Earth
4995,Earth
4996,Mars
4997,Europa
4998,Earth
4999,Earth
5000,Earth
5003,Earth
5004,Europa
5005,Earth
5006,Europa
5007,Mars
5008,Mars
5009,Mars
5010,Mars
5012,Earth
5013,Earth
5014,Mars
5015,Europa
5016,Mars
5017,Mars
5018,Earth
5019,Earth
5020,Earth
5021,Europa
5023,Earth
5025,Earth
5027,Earth
5028,Europa
5032,Europa
5034,Earth
5035,Earth
5036,Earth
5039,Mars
5040,Europa
5042,Earth
5044,Earth
5048,Earth
5050,Earth
5051,Mars
5052,Mars
5057,Earth
5058,Mars
5059,Earth
5060,Europa
5061,Europa
5062,Earth
5063,Earth
5064,Europa
5065,Europa
5067,Earth
5068,Earth
5069,Earth
5070,Earth
5072,Earth
5073,Mars
5074,Mars
5076,Earth
5080,Earth
5083,Earth
5084,Europa
5085,Earth
5087,Mars
5088,Earth
5089,Europa
5090,Earth
5091,Earth
5093,Europa
5095,Mars
5097,Earth
5103,Europa
5104,Earth
5105,Earth
5106,Earth
5108,Earth
5109,Earth
5111,Europa
5112,Europa
5115,Europa
5116,Mars
5120,Mars
5122,Earth
5124,Earth
5125,Earth
5126,Europa
5127,Earth
5128,Mars
5129,Earth
5130,Earth
5132,Earth
5133,Earth
5136,Earth
5137,
5138,Europa
5140,Earth
5142,Mars
5144,Earth
5145,Earth
5146,Earth
5148,Earth
5151,Mars
5152,Europa
5154,Mars
5156,Europa
5157,Earth
5158,Earth
5160,Earth
5161,Mars
5162,Mars
5163,Earth
5165,Earth
5166,Mars
5167,Earth
5170,Earth
5171,Earth
5173,Mars
5174,Europa
5175,Earth
5176,Earth
5177,Europa
5179,Europa
5180,Earth
5181,Europa
5182,Earth
5184,Earth
5185,Mars
5186,Earth
5187,
5188,Earth
5190,Earth
5192,Mars
5193,Europa
5194,Europa
5196,Earth
5197,Earth
5198,Mars
5199,Europa
5201,Earth
5202,Earth
5204,Earth
5205,Earth
5206,Earth
5207,Earth
5208,Europa
5209,Earth
5210,Earth
5211,Earth
5213,Earth
5214,Earth
5216,Earth
5217,Europa
5218,Earth
5220,Mars
5221,Earth
5223,Mars
5224,Earth
5225,Mars
5226,Earth
5227,Earth
5229,Earth
5230,Mars
5234,Mars
5235,Earth
5236,Earth
5238,Earth
5239,Earth
5240,Earth
5242,Earth
5243,Earth
5244,Mars
5246,Earth
5247,Earth
5248,Earth
5249,Mars
5250,Mars
5251,Mars
5252,Earth
5253,Earth
5254,Europa
5255,Mars
5256,Mars
5257,Europa
5258,Europa
5260,Earth
5262,Earth
5264,Earth
5265,Earth
5266,Europa
5268,Earth
5269,Earth
5271,Earth
5272,Mars
5273,Earth
5274,Earth
5275,Earth
5276,Europa
5277,Earth
5278,Europa
5279,Earth
5280,Earth
5281,Earth
5282,Earth
5287,Earth
5288,Earth
5290,Earth
5291,Earth
5292,Europa
5297,Earth
5298,Earth
5299,Earth
5300,Earth
5301,Europa
5303,Earth
5304,Mars
5305,Earth
5307,Europa
5310,Mars
5312,Europa
5313,Earth
5314,Europa
5315,Earth
5316,Mars
5320,Europa
5322,Mars
5323,Mars
5325,Earth
5326,Mars
5327,Europa
5330,Earth
5331,Earth
5333,Earth
5334,Earth
5337,Mars
5340,Earth
5341,Earth
5343,Mars
5344,Europa
5345,Mars
5346,Earth
5347,Europa
5348,Mars
5350,Europa
5351,Mars
5353,Europa
5354,Mars
5355,Earth
5356,Earth
5359,
5360,Mars
5361,Earth
5362,Europa
5363,Mars
5365,Earth
5366,Europa
5367,Europa
5368,Earth
5372,Mars
5374,Earth
5375,Europa
5378,Europa
5379,Earth
5380,Mars
5383,Earth
5384,Europa
5385,Mars
5387,Mars
5388,Earth
5389,Mars
5390,Earth
5392,Mars
5394,Mars
5395,Mars
5396,Mars
5397,Mars
5401,Earth
5402,Mars
5404,Earth
5406,
5408,Mars
5410,Mars
5411,Europa
5412,Earth
5413,Earth
5414,Earth
5415,Earth
5416,Mars
5418,Mars
5420,Earth
5421,Earth
5422,Europa
5423,Mars
5424,Mars
5425,Earth
5427,Mars
5430,Earth
5431,Earth
5434,Earth
5435,Mars
5436,Earth
5437,Mars
5438,Earth
5440,Earth
5441,Europa
5443,Earth
5445,
5446,Earth
5447,Mars
5450,Earth
5451,
5452,Europa
5453,Earth
5454,Mars
5455,Mars
5457,Earth
5458,Earth
5459,Europa
5462,Mars
5463,Earth
5465,Mars
5466,Europa
5467,Earth
5468,Europa
5469,Europa
5470,Earth
5471,Earth
5472,Earth
5474,Earth
5475,Earth
5476,Earth
5477,Earth
5478,Mars
5479,Earth
5480,Europa
5483,Earth
5484,Mars
5485,Earth
5487,Mars
5488,Europa
5489,Earth
5490,Mars
5491,Earth
5492,Earth
5494,Earth
5496,Earth
5497,Europa
5499,Earth
5500,Mars
5501,Earth
5504,Earth
5506,Europa
5507,Mars
5508,Earth
5509,Earth
5510,Earth
5511,Earth
5512,Europa
5514,Earth
5515,Earth
5517,Mars
5520,Earth
5521,Earth
5522,Earth
5523,Earth
5524,Earth
5526,Earth
5527,Earth
5528,Earth
5529,Europa
5530,Mars
5531,Mars
5535,Earth
5536,Mars
5537,Mars
5538,Mars
5539,Europa
5540,Earth
5541,Mars
5543,Europa
5544,Mars
5545,Earth
5546,Europa
5550,Earth
5551,Earth
5552,Mars
5555,
5556,Earth
5557,Earth
5559,Earth
5560,Mars
5561,Europa
5563,Europa
5566,Europa
5568,Europa
5569,Earth
5571,Earth
5572,Mars
5573,Earth
5574,Earth
5575,Mars
5578,Earth
5580,Earth
5581,Europa
5582,Earth
5583,Europa
5585,Earth
5586,Earth
5587,Earth
5589,Earth
5591,Earth
5592,Mars
5594,Earth
5595,Earth
5596,Europa
5598,Earth
5599,Europa
5601,Earth
5602,Europa
5603,
5606,Europa
5608,Earth
5609,Earth
5610,Europa
5611,Europa
5613,Earth
5614,Earth
5615,Earth
5616,Earth
5618,Earth
5619,Earth
5622,Earth
5623,Earth
5625,Mars
5626,Earth
5627,Earth
5628,Earth
5629,Earth
5631,Earth
5637,Earth
5639,Earth
5640,Europa
5642,Europa
5643,Mars
5644,Mars
5645,Earth
5646,Mars
5647,Europa
5648,Europa
5650,Earth
5651,Earth
5652,Earth
5653,Earth
5655,Earth
5659,Earth
5661,Earth
5662,Earth
5663,Europa
5667,Earth
5671,Earth
5673,Earth
5674,Europa
5677,Mars
5679,Earth
5680,Earth
5681,Earth
5684,Europa
5685,Earth
5686,Mars
5687,Earth
5688,Earth
5689,Earth
5692,Mars
5693,Earth
5695,Earth
5696,Earth
5698,Earth
5700,Earth
5701,Mars
5702,Earth
5704,Earth
5705,Earth
5706,Earth
5707,Earth
5709,Europa
5710,Earth
5711,Earth
5712,Europa
5713,Earth
5714,Earth
5716,Earth
5717,Earth
5718,Earth
5719,Earth
5721,Europa
5722,Earth
5723,Mars
5724,Earth
5725,Earth
5726,Europa
5727,Earth
5728,Earth
5729,Mars
5730,Earth
5732,Earth
5733,Earth
5735,Earth
5736,Earth
5737,Europa
5738,Earth
5739,Earth
5740,Europa
5742,Earth
5744,Earth
5746,Earth
5747,Earth
5748,Europa
5750,Earth
5751,Earth
5755,Earth
5756,Earth
5757,Earth
5758,Earth
5761,Europa
5763,Earth
5764,Earth
5765,Europa
5767,Earth
5768,Europa
5769,Europa
5771,Earth
5772,Mars
5773,Europa
5776,Earth
5777,Earth
5778,Earth
5779,Earth
5780,Europa
5781,Earth
5783,Earth
5785,Earth
5786,Earth
5788,Mars
5790,Europa
5791,Earth
5792,Europa
5793,Europa
5794,Europa
5795,Earth
5796,Mars
5799,
5800,Earth
5802,Mars
5804,Earth
5806,Earth
5808,Earth
5809,Earth
5810,Earth
5811,Europa
5812,Earth
5813,Earth
5814,Mars
5816,Earth
5817,Mars
5818,Earth
5819,Europa
5820,Earth
5821,Europa
5822,Earth
5823,Earth
5824,Earth
5825,Europa
5826,
5827,Earth
5828,Earth
5829,Earth
5831,Earth
5834,Earth
5835,Earth
5836,Europa
5837,Earth
5839,Europa
5840,Earth
5842,Europa
5843,Earth
5844,Earth
5846,Mars
5847,Earth
5848,Earth
5849,Earth
5852,Earth
5854,Earth
5855,Earth
5856,Europa
5857,Europa
5858,Earth
5859,Earth
5860,Mars
5861,Earth
5863,Earth
5867,Earth
5868,Earth
5869,Earth
5871,Earth
5874,Earth
5875,Earth
5876,Mars
5877,Earth
5878,Europa
5879,Mars
5880,Earth
5882,Earth
5885,Earth
5886,Mars
5887,Earth
5888,Mars
5889,Earth
5890,Earth
5891,Earth
5894,Earth
5897,Europa
5898,Earth
5900,Mars
5901,Earth
5902,Mars
5903,Earth
5905,Earth
5906,Earth
5907,Earth
5908,Earth
5909,Earth
5912,Earth
5913,Europa
5915,Earth
5916,Earth
5919,Europa
5920,Earth
5921,Earth
5922,Earth
5923,Mars
5924,Earth
5925,Europa
5927,Europa
5928,Earth
5930,Europa
5931,Europa
5933,Mars
5934,Earth
5938,Earth
5939,
5941,Earth
5944,Earth
5945,Earth
5946,Mars
5947,Europa
5949,Mars
5950,Earth
5951,Earth
5952,Mars
5953,Mars
5954,Mars
5955,Mars
5956,Earth
5957,Europa
5959,Europa
5960,Europa
5963,Mars
5965,Earth
5967,Earth
5968,Earth
5969,Earth
5970,Europa
5971,Mars
5972,Earth
5973,Mars
5974,Mars
5975,Europa
5976,Mars
5977,Europa
5980,Europa
5981,Mars
5983,Mars
5984,Mars
5985,Earth
5986,Europa
5987,Earth
5988,Mars
5989,
5990,Earth
5991,Europa
5992,Earth
5993,Mars
5994,Earth
5995,Earth
5998,Earth
5999,Earth
6000,Mars
6001,Earth
6003,Earth
6004,Mars
6006,Europa
6007,Earth
6008,Earth
6010,Earth
6011,Earth
6014,Earth
6015,Europa
6016,Earth
6017,Mars
6019,Earth
6020,Earth
6022,Earth
6024,Earth
6025,Earth
6026,Mars
6027,Europa
6028,Europa
6029,Earth
6030,Earth
6031,
6032,Earth
6033,Mars
6034,Mars
6035,Earth
6036,Europa
6038,Mars
6039,Earth
6040,Earth
6041,Mars
6042,Mars
6043,Earth
6045,Europa
6047,Earth
6048,Mars
6049,Earth
6052,Earth
6054,Mars
6055,Europa
6058,Mars
6059,Earth
6061,Earth
6062,Mars
6064,Europa
6065,
6066,Europa
6067,Earth
6068,Earth
6069,Mars
6070,Mars
6071,Earth
6073,Mars
6075,Europa
6076,Earth
6077,Earth
6080,Earth
6082,Earth
6085,Earth
6086,Europa
6087,Earth
6090,Mars
6091,Earth
6092,Earth
6094,Europa
6095,Mars
6096,Mars
6098,Earth
6099,Earth
6101,Earth
6102,Earth
6103,Earth
6105,Europa
6106,Europa
6107,Earth
6108,
6109,Europa
6110,Earth
6111,Europa
6112,Mars
6115,Mars
6116,Mars
6117,Europa
6118,Mars
6120,Earth
6121,Europa
6122,Earth
6123,Mars
6124,Earth
6126,Europa
6127,Europa
6128,Earth
6130,Europa
6132,Mars
6133,Earth
6135,Earth
6136,Earth
6137,Earth
6138,Mars
6139,Europa
6141,Earth
6143,Earth
6145,Europa
6146,Europa
6148,Mars
6149,Earth
6150,Earth
6152,Europa
6153,Europa
6155,Earth
6156,Earth
6157,Mars
6158,Earth
6162,Earth
6163,Earth
6166,Earth
6167,Earth
6168,Earth
6169,Earth
6170,Earth
6171,Earth
6172,Earth
6173,Europa
6174,Earth
6175,Earth
6176,Mars
6178,Earth
6179,Europa
6180,Earth
6181,Europa
6182,Earth
6184,Earth
6186,Mars
6189,Earth
6191,Europa
6192,Earth
6194,Earth
6199,Mars
6200,Europa
6201,Europa
6205,Mars
6206,Earth
6207,Mars
6208,Mars
6211,Mars
6213,Earth
6215,Europa
6216,Mars
6218,Earth
6219,Earth
6220,Earth
6222,Earth
6223,Mars
6224,Earth
6225,Earth
6227,Earth
6228,Earth
6229,Mars
6230,Mars
6232,Europa
6234,Mars
6236,Earth
6237,Mars
6238,Mars
6239,Earth
6241,Earth
6243,Earth
6245,Earth
6246,Mars
6248,Earth
6249,Earth
6250,Earth
6251,Earth
6252,Mars
6253,Mars
6254,Europa
6256,Earth
6262,Mars
6263,Europa
6264,Earth
6265,Earth
6266,Earth
6268,Mars
6270,Earth
6271,Europa
6273,Mars
6274,Mars
6276,Earth
6277,Earth
6279,Europa
6280,Earth
6281,Earth
6282,Mars
6283,Earth
6285,Europa
6289,Earth
6290,Earth
6292,Earth
6293,Earth
6296,Europa
6297,Earth
6299,Europa
6300,Mars
6301,Earth
6302,Earth
6304,Europa
6305,Europa
6308,Earth
6309,Earth
6313,Europa
6315,Europa
6316,Earth
6317,Earth
6318,Earth
6319,Earth
6320,Mars
6321,Europa
6322,Earth
6323,Europa
6324,Earth
6325,Earth
6326,Earth
6327,Mars
6328,Earth
6330,Earth
6331,Europa
6334,Earth
6335,Earth
6338,Earth
6339,
6340,Europa
6341,Mars
6343,Mars
6344,Earth
6346,Mars
6347,Earth
6348,Europa
6349,Mars
6351,Earth
6353,Europa
6354,Earth
6355,Earth
6356,
6357,Earth
6360,Europa
6361,Earth
6363,Earth
6365,Europa
6366,Earth
6367,Mars
6368,Earth
6369,Earth
6370,Mars
6371,Earth
6372,Europa
6373,Earth
6374,
6376,Mars
6378,Earth
6380,Earth
6381,Earth
6385,Mars
6388,Earth
6390,Earth
6394,Earth
6396,Earth
6397,Earth
6398,Earth
6399,Earth
6400,Europa
6402,Earth
6404,Earth
6405,Earth
6406,Europa
6407,Earth
6408,Earth
6409,Earth
6411,Earth
6412,Earth
6413,Europa
6414,Earth
6415,Mars
6416,Earth
6418,Earth
6419,Earth
6421,Europa
6422,Mars
6424,Earth
6428,Europa
6430,Earth
6431,Earth
6432,Europa
6433,Mars
6434,Earth
6436,Earth
6437,Earth
6439,Earth
6442,Earth
6443,Earth
6444,Earth
6446,Earth
6447,Earth
6448,Earth
6449,Mars
6450,Europa
6451,Mars
6452,Earth
6453,Earth
6454,Earth
6455,Europa
6456,Earth
6457,Earth
6458,Mars
6459,Earth
6461,Earth
6462,Mars
6463,Earth
6464,Earth
6468,Mars
6470,Earth
6471,Earth
6472,Europa
6473,Mars
6475,Mars
6477,Europa
6478,Mars
6480,Earth
6481,Earth
6482,Mars
6485,Earth
6487,Earth
6488,Europa
6489,Earth
6490,Europa
6492,Earth
6493,Earth
6494,Mars
6500,Earth
6501,Earth
6502,Earth
6503,Earth
6508,Earth
6509,Earth
6510,Europa
6511,Earth
6512,Europa
6513,Mars
6514,Europa
6517,Earth
6520,Earth
6522,Earth
6523,Earth
6525,Earth
6526,Earth
6529,Earth
6530,Mars
6531,Earth
6535,Mars
6539,Europa
6540,Earth
6541,Earth
6544,Europa
6545,Earth
6546,Earth
6547,Mars
6548,Earth
6549,Mars
6552,
6553,Earth
6556,Mars
6557,Europa
6558,Earth
6560,Earth
6561,Europa
6562,Earth
6563,Earth
6565,Mars
6567,Earth
6568,Earth
6569,Earth
6570,Earth
6572,Earth
6573,Earth
6574,Europa
6578,Mars
6580,Earth
6582,Europa
6583,Europa
6585,Earth
6588,Earth
6590,Europa
6591,Earth
6592,Mars
6593,Earth
6594,Earth
6595,Earth
6598,Mars
6599,Europa
6601,Earth
6602,Earth
6603,Mars
6604,Europa
6606,Earth
6608,Earth
6609,Mars
6611,Earth
6613,Earth
6614,Mars
6616,Earth
6618,Europa
6620,Earth
6621,Earth
6622,Earth
6623,
6624,Earth
6625,Earth
6626,Earth
6628,Earth
6630,Earth
6631,Europa
6633,Europa
6634,Europa
6635,Europa
6637,Mars
6638,Earth
6639,Earth
6641,Europa
6642,Earth
6643,Earth
6645,Earth
6646,Earth
6647,Earth
6649,Earth
6650,Earth
6652,Earth
6654,Earth
6655,Mars
6656,Europa
6659,Mars
6660,Earth
6662,Earth
6663,Earth
6664,Earth
6665,Europa
6667,Europa
6668,Earth
6669,Earth
6670,Earth
6671,Mars
6672,Mars
6673,Earth
6674,Europa
6675,Earth
6676,Europa
6680,Earth
6681,Earth
6683,Earth
6684,Europa
6691,Earth
6692,Europa
6693,Earth
6694,Earth
6697,Earth
6698,Earth
6699,Mars
6702,Earth
6706,Europa
6707,Earth
6708,Europa
6709,Earth
6711,Mars
6713,Earth
6718,Earth
6719,Mars
6720,Europa
6721,Earth
6722,Europa
6724,Europa
6725,Europa
6726,Earth
6727,Earth
6729,Europa
6730,Earth
6731,Earth
6734,Europa
6736,Mars
6739,Earth
6741,Earth
6742,Earth
6744,Mars
6745,Earth
6746,Earth
6747,Europa
6748,Mars
6749,Earth
6750,Earth
6751,Mars
6753,Europa
6754,Europa
6756,Earth
6757,Mars
6758,Earth
6760,Mars
6761,Mars
6762,Earth
6763,Earth
6764,Mars
6765,Mars
6766,Earth
6773,Earth
6774,Earth
6775,Earth
6776,Earth
6778,Earth
6779,Europa
6780,Europa
6782,Earth
6784,Earth
6786,Earth
6787,Earth
6788,Earth
6789,Mars
6792,Mars
6794,Mars
6796,Earth
6798,Earth
6799,Europa
6800,Earth
6801,Europa
6802,Europa
6805,Europa
6806,Earth
6808,Earth
6810,Mars
6813,Earth
6814,Mars
6816,Earth
6817,Earth
6818,Earth
6820,Earth
6821,Earth
6822,Earth
6824,Earth
6825,Mars
6826,Earth
6827,Europa
6829,Earth
6831,Earth
6832,Mars
6833,Earth
6834,Earth
6837,Mars
6839,Earth
6840,Mars
6841,Mars
6843,Europa
6844,Mars
6848,Europa
6850,Earth
6851,Earth
6853,Europa
6854,Mars
6857,Earth
6858,Europa
6859,Earth
6861,Earth
6862,Earth
6863,Earth
6864,Europa
6865,Europa
6866,Europa
6868,Earth
6869,Earth
6871,Earth
6873,Europa
6879,Earth
6880,Mars
6882,Mars
6883,Earth
6885,Mars
6887,Earth
6889,Earth
6891,Mars
6892,Earth
6893,Europa
6894,Mars
6895,Europa
6896,Mars
6898,Europa
6899,Europa
6900,Earth
6901,Mars
6902,Europa
6903,Earth
6905,Earth
6906,Mars
6907,Earth
6908,Europa
6910,Earth
6911,Mars
6912,Europa
6913,Mars
6915,Mars
6917,Mars
6918,Earth
6920,Earth
6921,Europa
6924,Earth
6925,Earth
6926,
6928,Earth
6929,Earth
6930,Earth
6931,Europa
6932,Earth
6934,Mars
6937,Earth
6939,Earth
6940,Mars
6943,Europa
6944,Europa
6945,Europa
6946,Earth
6947,Europa
6949,Earth
6950,Europa
6951,Europa
6954,Mars
6957,Europa
6960,Earth
6962,Earth
6963,Mars
6964,Earth
6966,Earth
6967,Europa
6968,Earth
6970,Mars
6971,Europa
6972,
6973,Earth
6976,Earth
6977,Earth
6978,Earth
6979,Earth
6980,
6981,Earth
6982,Earth
6984,Mars
6985,
6987,Earth
6988,Europa
6990,Earth
6991,Europa
6992,Earth
6994,Europa
6995,Earth
6996,Earth
6997,Mars
6998,Earth
6999,Mars
7001,Europa
7002,Earth
7004,Earth
7005,Earth
7006,
7007,Europa
7008,Earth
7010,Earth
7011,Earth
7013,Earth
7014,Europa
7015,Europa
7016,Earth
7017,Earth
7018,Mars
7019,Earth
7020,Earth
7021,Earth
7022,Europa
7025,Earth
7026,Europa
7027,Earth
7028,Earth
7029,Earth
7031,Earth
7032,Earth
7034,Mars
7036,Earth
7037,Mars
7038,Earth
7039,Earth
7040,Earth
7041,Mars
7042,Earth
7044,Mars
7045,Mars
7047,Earth
7048,Earth
7049,Earth
7050,Earth
7051,Mars
7052,Europa
7053,Earth
7056,Europa
7057,Mars
7058,Mars
7059,Earth
7060,Earth
7061,Earth
7062,Earth
7068,Earth
7069,Earth
7071,Earth
7072,Earth
7073,Earth
7074,Earth
7077,Earth
7078,Earth
7079,Earth
7080,Earth
7082,Earth
7083,Europa
7084,Earth
7085,Mars
7086,Earth
7087,Earth
7088,Earth
7089,Europa
7090,Earth
7091,Earth
7092,Earth
7093,Earth
7094,Europa
7095,Earth
7096,Europa
7097,Europa
7098,Earth
7099,Earth
7104,Europa
7105,
7106,Mars
7109,Europa
7110,Earth
7111,Mars
7113,Earth
7114,Earth
7116,Earth
7117,Europa
7118,Earth
7119,Earth
7120,Earth
7121,Europa
7126,Earth
7127,Europa
7128,Europa
7132,Earth
7133,Earth
7134,Earth
7137,Earth
7140,Earth
7142,Mars
7143,Mars
7144,Earth
7148,Europa
7149,Mars
7151,Mars
7152,Earth
7155,Earth
7156,Mars
7157,Mars
7159,Europa
7160,Earth
7161,Europa
7162,Earth
7165,Mars
7166,Mars
7167,Europa
7168,Earth
7170,Earth
7171,Earth
7173,Earth
7175,Earth
7176,Europa
7177,Earth
7179,Earth
7180,Earth
7181,Mars
7182,Earth
7184,Earth
7186,Europa
7187,Earth
7188,Europa
7189,Europa
7190,Earth
7191,Earth
7192,Earth
7193,Earth
7194,Earth
7197,Mars
7199,Earth
7200,Europa
7202,Earth
7203,Earth
7205,Mars
7206,Earth
7207,Earth
7208,Earth
7210,Earth
7214,Earth
7215,Mars
7216,Earth
7217,Mars
7218,Europa
7219,Europa
7221,Europa
7224,Earth
7225,Europa
7226,Mars
7227,Mars
7229,Earth
7230,Earth
7232,Europa
7233,Mars
7234,Earth
7235,Europa
7236,Earth
7238,Mars
7240,Mars
7242,Europa
7246,Mars
7247,Earth
7249,Mars
7250,Mars
7252,Mars
7253,Europa
7255,Earth
7256,Earth
7257,Earth
7258,Earth
7259,Earth
7260,Earth
7261,Earth
7267,Europa
7268,Earth
7270,Earth
7271,Earth
7273,Earth
7274,Earth
7276,Earth
7277,Earth
7278,Earth
7279,Europa
7280,Mars
7283,Mars
7284,Earth
7285,Earth
7289,Europa
7290,Europa
7292,Mars
7296,Mars
7297,Earth
7298,Earth
7300,Earth
7301,Mars
7302,Mars
7303,Earth
7304,Mars
7305,Earth
7306,Earth
7307,Earth
7309,Mars
7310,Mars
7311,Earth
7313,Mars
7314,Europa
7320,Earth
7321,Mars
7322,Earth
7323,Earth
7324,Europa
7326,Earth
7327,Mars
7328,Earth
7330,
7331,Mars
7332,Earth
7334,Earth
7336,
7337,Europa
7338,Mars
7339,Europa
7340,Europa
7341,Earth
7342,Earth
7343,Earth
7344,Earth
7346,Mars
7347,Earth
7350,Earth
7351,Europa
7353,Europa
7356,Earth
7358,Earth
7359,Earth
7360,Earth
7361,Europa
7365,Earth
7366,Earth
7367,Mars
7370,Earth
7371,Earth
7372,Earth
7374,Mars
7376,Europa
7377,Earth
7379,Earth
7385,Earth
7387,Europa
7388,Earth
7390,Earth
7391,Earth
7392,Earth
7393,Earth
7394,Earth
7395,Europa
7396,Europa
7398,Earth
7399,Earth
7401,Mars
7402,Europa
7403,Earth
7405,Earth
7406,Earth
7408,Mars
7410,Earth
7411,Earth
7416,Europa
7418,Mars
7419,Earth
7422,Earth
7425,Earth
7427,Mars
7428,Europa
7429,Mars
7430,Earth
7431,Europa
7432,Europa
7435,Europa
7436,Earth
7437,Europa
7438,Earth
7442,Earth
7444,Earth
7445,Earth
7446,Earth
7447,Mars
7448,Earth
7449,Earth
7450,Earth
7452,Europa
7453,Europa
7455,Europa
7456,Earth
7457,Mars
7458,Earth
7459,Europa
7460,Earth
7461,Europa
7462,Earth
7464,Earth
7472,Mars
7475,Mars
7477,Earth
7478,Europa
7479,Mars
7481,Earth
7483,Mars
7484,Earth
7485,Europa
7486,Earth
7487,Earth
7488,Mars
7490,Earth
7492,Mars
7494,Earth
7495,Mars
7496,Europa
7498,Mars
7499,Earth
7500,
7501,Earth
7502,Europa
7503,Europa
7504,Earth
7505,Mars
7506,Earth
7507,Earth
7508,Europa
7509,Earth
7510,Mars
7512,Earth
7513,Earth
7514,Earth
7515,Mars
7517,Earth
7518,Europa
7520,Earth
7521,Earth
7522,Earth
7523,Earth
7524,Earth
7525,Europa
7527,Earth
7529,Earth
7531,Europa
7533,Earth
7534,Earth
7535,Earth
7536,Mars
7538,Europa
7542,Earth
7543,Earth
7544,Earth
7545,Earth
7549,Earth
7550,Earth
7552,Earth
7553,Earth
7559,Earth
7560,Europa
7561,Earth
7563,Mars
7565,Europa
7567,Earth
7568,Earth
7569,Mars
7572,Earth
7573,Earth
7574,Europa
7576,Europa
7577,Earth
7578,Earth
7579,Earth
7580,Earth
7583,Mars
7584,Europa
7585,Europa
7586,Europa
7588,Earth
7592,Earth
7594,Europa
7595,Earth
7596,Europa
7598,Earth
7599,Earth
7601,Earth
7604,Mars
7605,Mars
7606,Mars
7608,Mars
7609,Europa
7614,Europa
7616,Earth
7618,Earth
7620,Mars
7621,Europa
7622,Earth
7623,Earth
7624,Europa
7625,Earth
7626,Earth
7627,Europa
7628,Mars
7630,Earth
7631,Europa
7632,Mars
7633,
7634,Earth
7635,Europa
7639,Europa
7640,Earth
7641,Earth
7643,Europa
7644,Earth
7646,Europa
7647,Earth
7649,Earth
7650,Earth
7652,Europa
7656,Earth
7660,Europa
7661,Earth
7665,Earth
7666,Mars
7667,Europa
7669,Earth
7670,Mars
7671,Earth
7676,Mars
7677,Earth
7678,Earth
7679,Earth
7680,Europa
7682,Earth
7683,Earth
7684,Europa
7687,Earth
7688,Earth
7689,Earth
7690,Earth
7691,Mars
7692,Europa
7693,Europa
7694,Earth
7696,Mars
7697,Europa
7698,Mars
7699,Earth
7700,Mars
7702,Earth
7703,Earth
7705,Mars
7707,Earth
7708,Earth
7709,Earth
7710,Europa
7711,
7712,Europa
7713,Europa
7714,Earth
7715,Earth
7716,Europa
7717,Earth
7719,Mars
7720,Earth
7721,Mars
7723,Europa
7724,Mars
7727,Earth
7728,Europa
7729,Europa
7731,Europa
7736,Mars
7738,Mars
7739,Earth
7741,Earth
7742,Mars
7743,Earth
7744,Europa
7746,Europa
7747,Mars
7748,Europa
7749,Mars
7751,Europa
7752,Earth
7753,Earth
7754,Europa
7755,Earth
7757,Europa
7760,Earth
7761,Earth
7763,Earth
7764,Earth
7767,Earth
7768,Earth
7769,Earth
7770,Earth
7771,Earth
7773,Earth
7774,Mars
7775,Europa
7776,Europa
7777,Earth
7778,Mars
7780,Earth
7782,Europa
7783,Mars
7784,Mars
7785,Earth
7786,Earth
7787,Europa
7788,Earth
7789,Earth
7790,Mars
7791,Earth
7793,
7797,Earth
7800,Earth
7801,
7802,Mars
7803,Earth
7805,Earth
7806,Earth
7808,Earth
7809,Mars
7810,Earth
7812,Mars
7813,Earth
7815,Earth
7816,Earth
7818,Earth
7820,Earth
7821,
7824,Earth
7828,Earth
7829,Earth
7830,Earth
7831,Mars
7832,Mars
7833,Europa
7834,Earth
7835,Earth
7837,Europa
7839,Earth
7840,Earth
7841,Earth
7842,Mars
7843,Mars
7845,Europa
7847,Earth
7848,Mars
7849,Earth
7850,Mars
7851,Mars
7852,Earth
7853,Mars
7856,Earth
7858,Earth
7859,
7861,Earth
7863,Earth
7864,Earth
7865,Europa
7866,Europa
7868,Earth
7870,Europa
7871,Earth
7872,Earth
7873,Earth
7875,Europa
7877,Earth
7878,Earth
7879,Earth
7881,Earth
7882,Earth
7883,Earth
7884,Mars
7885,Earth
7886,Earth
7888,Earth
7889,Europa
7890,Earth
7891,Earth
7892,Mars
7894,Earth
7895,Earth
7897,Europa
7899,Earth
7901,Mars
7902,Earth
7903,Earth
7904,Earth
7905,Europa
7907,Mars
7908,Europa
7910,Earth
7913,Earth
7914,Earth
7916,Earth
7918,Mars
7919,Earth
7920,Mars
7922,Earth
7924,Earth
7926,Earth
7929,Europa
7930,Earth
7935,Earth
7936,Earth
7937,Europa
7939,Earth
7940,Earth
7941,Europa
7943,Europa
7944,Europa
7945,Mars
7946,Earth
7947,Mars
7949,Earth
7950,Earth
7952,Mars
7954,Earth
7955,Earth
7957,Earth
7958,Mars
7960,Earth
7962,Earth
7967,Earth
7968,Mars
7970,Europa
7972,Europa
7973,
7974,Europa
7976,Earth
7981,Earth
7982,Europa
7983,Europa
7984,Mars
7985,Earth
7986,Mars
7987,Mars
7988,Europa
7989,Earth
7990,Earth
7993,Europa
7994,Earth
7995,Europa
7996,Earth
7999,Europa
8000,Earth
8003,Mars
8004,Mars
8005,Earth
8006,Earth
8007,Earth
8010,Europa
8012,Mars
8014,Earth
8015,Europa
8016,Earth
8018,Earth
8019,Mars
8020,Earth
8021,Earth
8023,Europa
8024,Earth
8025,Europa
8026,Mars
8027,Earth
8029,Earth
8030,Earth
8031,Europa
8032,Europa
8034,Mars
8035,Mars
8036,Earth
8037,Earth
8038,Europa
8042,
8043,Europa
8046,Earth
8049,Earth
8050,Earth
8052,Earth
8053,Mars
8054,Mars
8055,Earth
8056,Europa
8057,Europa
8058,Earth
8059,
8060,Mars
8063,Earth
8064,Mars
8066,Mars
8067,Earth
8068,Earth
8069,Europa
8071,Earth
8072,Europa
8075,Earth
8076,Europa
8077,Earth
8078,Earth
8079,Earth
8081,Europa
8082,Earth
8083,Earth
8084,Europa
8085,Earth
8086,Earth
8087,Europa
8088,Mars
8089,Earth
8091,Earth
8092,Europa
8094,Europa
8097,Europa
8098,Europa
8102,Earth
8103,Mars
8105,Earth
8106,Earth
8107,Earth
8108,Earth
8112,Earth
8115,Europa
8116,Mars
8117,Europa
8118,Earth
8119,Earth
8120,Europa
8121,Earth
8122,Europa
8123,Earth
8124,Earth
8128,Mars
8129,Earth
8130,Earth
8131,Mars
8133,Mars
8135,Europa
8136,Europa
8137,Earth
8138,Earth
8139,Earth
8140,Earth
8141,Earth
8143,Earth
8144,Europa
8147,Earth
8148,Earth
8149,Earth
8150,Mars
8152,Earth
8153,Earth
8156,Earth
8157,Earth
8158,Mars
8159,Earth
8161,Earth
8162,Europa
8164,Earth
8165,Mars
8167,Earth
8168,Earth
8171,Earth
8173,Europa
8175,Europa
8176,Europa
8177,Earth
8178,Earth
8182,Earth
8186,Earth
8189,Europa
8190,Europa
8191,Earth
8192,Earth
8194,Earth
8197,Earth
8199,Earth
8200,Earth
8202,Europa
8203,Europa
8204,Europa
8205,Earth
8207,Mars
8208,Earth
8209,Earth
8210,Mars
8211,Earth
8212,Earth
8213,Earth
8214,Europa
8216,Earth
8217,Earth
8218,Europa
8219,Earth
8220,Europa
8221,Mars
8222,Mars
8224,Earth
8225,Mars
8226,Mars
8227,Earth
8229,Earth
8231,Earth
8232,Earth
8233,Earth
8235,Earth
8237,Earth
8238,Earth
8239,Earth
8242,Earth
8243,Earth
8244,Earth
8247,Europa
8248,Earth
8251,Earth
8252,Earth
8254,Mars
8255,Earth
8257,Mars
8259,Earth
8260,Earth
8261,Earth
8264,Mars
8265,Earth
8266,Earth
8267,Mars
8268,Europa
8270,Mars
8271,Earth
8272,Mars
8273,Earth
8275,Mars
8276,Europa
8277,Earth
8279,Earth
8280,Earth
8281,
8282,Earth
8287,Mars
8288,Mars
8289,Earth
8291,Earth
8292,Europa
8294,Mars
8295,Mars
8297,
8298,Mars
8300,Europa
8301,Europa
8302,Earth
8303,Mars
8306,Earth
8307,Europa
8310,Europa
8313,Earth
8314,Europa
8315,Earth
8316,Earth
8317,Earth
8318,Mars
8319,Earth
8320,Earth
8321,Earth
8322,Europa
8323,Earth
8324,Earth
8326,Earth
8328,Earth
8329,Earth
8330,Earth
8332,Earth
8333,Europa
8334,Earth
8335,Mars
8336,Mars
8338,Mars
8339,Europa
8341,Earth
8342,Europa
8343,Earth
8344,Mars
8345,Earth
8346,Earth
8348,Mars
8354,Europa
8356,Earth
8360,Europa
8362,Earth
8363,Europa
8365,Earth
8366,Earth
8368,Earth
8369,Mars
8371,Earth
8373,Earth
8374,Europa
8375,Earth
8376,Mars
8377,Mars
8378,Earth
8379,Earth
8380,Earth
8381,Earth
8382,Europa
8383,Earth
8384,Earth
8386,Earth
8388,Earth
8390,Earth
8392,Earth
8393,Earth
8394,Europa
8395,Europa
8397,Earth
8398,Europa
8401,Europa
8403,Europa
8404,Earth
8405,Earth
8406,Mars
8407,Earth
8409,Earth
8410,Earth
8411,Earth
8414,Earth
8416,Earth
8418,Europa
8419,Earth
8420,Earth
8421,Earth
8423,Earth
8427,Earth
8429,Earth
8430,Earth
8431,Europa
8432,Earth
8433,Earth
8437,Earth
8438,Mars
8441,Earth
8442,Mars
8444,Earth
8447,Earth
8448,Europa
8449,Europa
8451,Mars
8452,Europa
8454,Earth
8456,Europa
8457,Earth
8458,Europa
8459,Earth
8460,Earth
8462,Earth
8463,Earth
8465,Mars
8466,Earth
8467,Earth
8468,Mars
8469,Earth
8470,Europa
8471,Europa
8472,Earth
8474,Earth
8475,Europa
8476,Mars
8477,Earth
8479,Earth
8480,Earth
8481,Europa
8482,Earth
8483,Europa
8486,Earth
8487,Europa
8489,Earth
8491,Mars
8492,Earth
8493,Earth
8494,Mars
8495,Europa
8500,Mars
8502,Mars
8503,Europa
8504,Earth
8506,Earth
8508,Mars
8509,Earth
8511,Earth
8512,Earth
8514,Mars
8516,Earth
8521,Europa
8522,Earth
8523,Europa
8524,Europa
8528,Earth
8530,Mars
8535,Earth
8536,Europa
8537,Mars
8539,Earth
8540,Earth
8541,Mars
8542,Mars
8544,Earth
8545,Earth
8548,Earth
8549,Mars
8551,Europa
8552,Mars
8554,Earth
8556,Europa
8557,Europa
8559,Mars
8560,Earth
8561,Earth
8566,Earth
8569,Europa
8570,Earth
8571,Mars
8572,Europa
8573,Earth
8574,Mars
8577,Mars
8580,Earth
8581,Europa
8584,Earth
8585,Mars
8586,Mars
8587,
8588,Mars
8589,Europa
8592,Europa
8594,Earth
8595,Mars
8596,Europa
8597,Earth
8598,Earth
8599,Earth
8602,Earth
8603,Earth
8604,Mars
8605,Europa
8606,Earth
8607,Earth
8609,Earth
8610,Earth
8611,Earth
8612,
8613,Earth
8614,Earth
8615,Earth
8616,Mars
8617,Earth
8618,Europa
8619,Europa
8620,Mars
8623,Earth
8624,Earth
8626,Earth
8628,Earth
8629,Earth
8631,Mars
8633,Earth
8634,Earth
8635,Earth
8636,Mars
8637,Mars
8638,Earth
8639,Mars
8640,Earth
8641,Mars
8642,Earth
8643,Mars
8644,Earth
8645,Earth
8646,Europa
8650,Earth
8653,Earth
8654,Earth
8656,Europa
8657,Mars
8658,Mars
8659,Earth
8661,Earth
8663,Earth
8664,Earth
8667,Mars
8668,Mars
8669,Earth
8670,Earth
8671,Europa
8672,Earth
8673,Europa
8674,Mars
8675,Europa
8680,Mars
8681,Mars
8683,Earth
8684,Earth
8685,Earth
8687,Earth
8688,Earth
8691,Earth
8693,Earth
8694,Earth
8695,Mars
8696,Europa
8700,Mars
8701,Mars
8703,Earth
8704,Mars
8708,Earth
8709,Earth
8710,Earth
8712,Mars
8714,Mars
8716,Earth
8717,Earth
8719,Europa
8720,Earth
8721,Europa
8722,Mars
8723,Earth
8727,Earth
8728,Earth
8729,Europa
8732,Earth
8733,Earth
8734,Earth
8735,Earth
8736,Mars
8741,Europa
8743,Earth
8744,Earth
8749,Mars
8750,Earth
8751,Earth
8752,Mars
8753,Earth
8754,Earth
8755,Europa
8757,Earth
8759,Mars
8760,Earth
8762,Earth
8764,Mars
8766,Mars
8769,Mars
8770,Earth
8771,Earth
8772,Europa
8773,Mars
8774,Earth
8776,Earth
8779,Earth
8780,Earth
8781,Earth
8782,Mars
8783,Mars
8785,Earth
8786,Europa
8787,Earth
8789,Earth
8790,Europa
8791,Earth
8794,Earth
8796,Earth
8797,Earth
8798,Earth
8799,Earth
8801,Earth
8802,Europa
8805,Earth
8806,Mars
8807,Earth
8808,Earth
8809,Earth
8811,Earth
8812,Mars
8813,Earth
8815,Earth
8816,Europa
8817,Earth
8818,Earth
8819,Earth
8820,Earth
8821,Earth
8822,Europa
8823,Mars
8824,Earth
8825,Earth
8826,Europa
8827,Earth
8828,Earth
8830,Mars
8831,Mars
8833,Earth
8834,Earth
8835,Earth
8836,Earth
8838,Earth
8840,Earth
8841,Mars
8842,Europa
8843,Europa
8844,Earth
8845,Earth
8848,
8849,Earth
8850,Mars
8852,Mars
8853,Earth
8854,Earth
8856,Earth
8858,Europa
8860,Mars
8861,Europa
8862,Europa
8863,Earth
8864,Mars
8865,Earth
8867,Europa
8868,Earth
8869,Earth
8871,Earth
8872,Mars
8874,Earth
8876,Europa
8878,Earth
8880,Mars
8881,Earth
8883,
8884,Earth
8885,Mars
8886,Earth
8889,
8890,Earth
8891,Earth
8892,Earth
8894,Mars
8896,Mars
8897,Earth
8899,Earth
8900,Earth
8901,Europa
8902,Earth
8903,Earth
8904,Earth
8905,Mars
8906,Earth
8907,Earth
8910,Earth
8918,Earth
8919,Europa
8920,Europa
8922,Earth
8923,Earth
8926,Earth
8928,Europa
8930,Earth
8932,Earth
8937,Europa
8938,Mars
8939,Earth
8940,Earth
8941,Mars
8942,Europa
8944,Earth
8945,Europa
8947,Mars
8948,Europa
8954,Earth
8955,Earth
8956,Earth
8959,Europa
8961,Earth
8964,Mars
8966,Mars
8967,Earth
8968,Europa
8969,Europa
8970,Europa
8972,Mars
8973,Earth
8975,Earth
8976,Earth
8977,Mars
8978,Mars
8981,Earth
8982,Earth
8983,Earth
8985,Earth
8986,Earth
8987,Europa
8988,Earth
8989,Europa
8992,Mars
8993,Earth
8996,Europa
8997,Earth
8998,Earth
8999,Mars
9001,Earth
9003,Earth
9004,Europa
9006,Europa
9007,Earth
9008,Earth
9009,Earth
9010,Mars
9011,Earth
9012,Earth
9013,Earth
9014,Europa
9015,Europa
9018,Earth
9019,Earth
9020,Earth
9021,Mars
9023,Earth
9024,Mars
9026,Earth
9028,Earth
9029,Mars
9030,Earth
9031,Earth
9032,Mars
9034,Europa
9035,Earth
9036,Earth
9037,Mars
9038,Europa
9041,Earth
9042,Europa
9043,
9046,Europa
9048,Earth
9049,Europa
9052,Earth
9057,Europa
9059,Earth
9060,Earth
9061,Mars
9064,Earth
9066,Earth
9068,Europa
9069,Europa
9071,Earth
9072,Mars
9073,Europa
9074,Earth
9075,Earth
9076,Earth
9077,Earth
9078,Earth
9079,Earth
9080,Earth
9081,Earth
9084,
9085,Europa
9089,Earth
9094,Earth
9097,Mars
9098,Earth
9099,Earth
9101,Earth
9103,Earth
9104,Europa
9106,Earth
9107,Earth
9108,Earth
9110,Earth
9111,Mars
9112,Mars
9114,Europa
9115,Earth
9116,Earth
9118,Earth
9119,Earth
9120,Earth
9122,Earth
9124,Mars
9125,Mars
9126,Mars
9127,Earth
9128,Earth
9129,Earth
9130,Mars
9131,Europa
9132,Mars
9134,Earth
9136,Earth
9137,Mars
9139,Mars
9140,Earth
9141,Europa
9142,Earth
9144,Earth
9145,Earth
9148,Earth
9149,Europa
9150,Earth
9151,Mars
9152,Earth
9156,Europa
9157,Earth
9158,Europa
9159,Earth
9160,Earth
9161,Earth
9163,Earth
9164,Mars
9165,Earth
9167,Earth
9168,Europa
9169,Mars
9170,Earth
9172,Earth
9173,Earth
9174,Earth
9175,Europa
9176,Earth
9178,Earth
9179,Earth
9180,Mars
9181,Earth
9183,Europa
9184,Earth
9185,Earth
9186,Mars
9188,Earth
9189,Earth
9190,Earth
9192,Earth
9193,Earth
9194,Europa
9195,Mars
9196,Europa
9197,Europa
9199,Europa
9201,Earth
9202,Europa
9203,Mars
9205,Europa
9208,Earth
9211,Earth
9213,Earth
9217,Earth
9218,Europa
9219,Earth
9220,Earth
9221,Earth
9222,Mars
9224,Mars
9225,Earth
9226,Earth
9227,Earth
9230,Europa
9231,Mars
9233,Earth
9234,Earth
9235,Earth
9237,Earth
9239,Mars
9241,Mars
9242,Earth
9244,Earth
9246,Earth
9247,Earth
9248,
9250,Europa
9251,Mars
9252,Europa
9253,Earth
9254,Earth
9256,Earth
9257,
9259,Earth
9261,Earth
9264,Europa
9267,Europa
9268,Earth
9270,Earth
9272,Earth
9274,
9275,Europa
9276,Europa
9278,Earth
9279,Earth
9280,Europa
