,Surname,HomePlanet
0,Acobson,Earth
1,Acobsond,Earth
2,Adavisons,Earth
3,Adkinson,Earth
4,Admingried,Europa
5,Aginge,Europa
6,Ailled,Europa
7,Aillyber,Europa
8,Aiming,Europa
9,Ainatint,Europa
10,Ainserfle,Europa
11,Airdring,Europa
12,Aivering,Europa
13,Alaring,Europa
14,Alaxed,Europa
15,Alberts,Earth
16,Alcemblery,Europa
17,Alenat,Europa
18,Alenter,Europa
19,Alentonway,Earth
20,Alest,Earth
21,Alfordonard,Earth
22,Alindiveng,Europa
23,Alldson,Earth
24,Aloubtled,Europa
25,Alshipson,Earth
26,Alvasquez,Earth
27,Alvercal,Europa
28,Alvesssidy,Europa
29,Ambleetive,Europa
30,Ambleeve,Europa
31,Amblereld,Europa
32,Ametic,Europa
33,Amincrerus,Europa
34,Amonsmane,Europa
35,Amoutake,Europa
36,Amsive,
37,Amspring,Europa
38,Anake,Mars
39,Anche,Mars
40,Ancontaked,Europa
41,Ancy,Mars
42,Andackson,Earth
43,Anderking,Europa
44,Andley,Earth
45,Ane,Mars
46,Aneetle,Europa
47,Anindery,Europa
48,Anpie,Mars
49,Antcal,Europa
50,Anthompson,Earth
51,Anthon,Earth
52,Antoshipson,Earth
53,Apeau,Mars
54,Apedishaft,Europa
55,Apenelexy,Europa
56,Apie,Mars
57,Apple,Mars
58,Arible,Europa
59,Armstromez,Earth
60,Arner,Earth
61,Arneras,Earth
62,Aroodint,Europa
63,Arterate,Europa
64,Ashipeck,Earth
65,Ashipson,Earth
66,Asivetfuel,Europa
67,Asolipery,Europa
68,Asoppor,Europa
69,Assibler,Europa
70,Asticit,Europa
71,Atkinney,Earth
72,Ausivetpul,Europa
73,Avidson,Earth
74,Avisley,Earth
75,Avisnydes,Earth
76,Axlentindy,Europa
77,Ayalazquez,Earth
78,Babre,Mars
79,Bache,Mars
80,Baciffhaut,Europa
81,Bacistion,Europa
82,Backe,Mars
83,Bagetvable,Europa
84,Bagint,Europa
85,Bailes,Earth
86,Bairdford,Earth
87,Bairdyork,Earth
88,Bake,Mars
89,Bakericks,Earth
90,Bakerrison,Earth
91,Bakerson,Earth
92,Baketton,Earth
93,Baldens,Earth
94,Balderts,Earth
95,Baldson,Earth
96,Baleful,Europa
97,Balightal,Europa
98,Ballexy,Europa
99,Balley,Earth
100,Ballocks,Earth
101,Ban,Mars
102,Bancy,Mars
103,Bane,Mars
104,Bara,Mars
105,Barberts,Earth
106,Barbes,Earth
107,Bardina,Earth
108,Bardinard,Earth
109,Bardsey,Earth
110,Bardson,Earth
111,Barkeretton,Earth
112,Barks,Earth
113,Barles,Earth
114,Barmant,Europa
115,Barne,Mars
116,Barnolaney,Earth
117,Barnoldeney,Earth
118,Barnolderg,Earth
119,Barrelliver,Earth
120,Barrilloney,Earth
121,Barris,Earth
122,Barrison,Earth
123,Bart,Mars
124,Barte,Mars
125,Bartez,Earth
126,Bartines,Earth
127,Bartins,Earth
128,Bate,Mars
129,Batestonley,Earth
130,Batte,Mars
131,Batthewitt,Earth
132,Bau,Mars
133,Baxters,Earth
134,Baxterson,Earth
135,Beachez,Earth
136,Beake,Mars
137,Bealvewd,Europa
138,Beangley,Earth
139,Bears,Earth
140,Beasleyes,Earth
141,Beckeetter,Earth
142,Beckeey,Earth
143,Beckerson,Earth
144,Bedectical,Europa
145,Beling,Europa
146,Bellarkerd,Earth
147,Belley,Earth
148,Bellyonsley,Earth
149,Belstrut,Europa
150,Benderez,Earth
151,Benney,Earth
152,Bensley,Earth
153,Berges,Earth
154,Berle,Mars
155,Berreranks,Earth
156,Bert,Mars
157,Berte,Mars
158,Bertiz,Earth
159,Bertsontry,Earth
160,Beston,Earth
161,Betie,Mars
162,Bewarsecal,Europa
163,Biba,Mars
164,Bine,Mars
165,Binie,Mars
166,Birds,Earth
167,Birt,Mars
168,Birte,Mars
169,Bla,Mars
170,Blace,Earth
171,Blacks,Earth
172,Blainson,Earth
173,Blake,Mars
174,Blan,Mars
175,Blancoy,Earth
176,Blandez,Earth
177,Blane,Mars
178,Blange,Earth
179,Blangibson,Earth
180,Blanglison,Earth
181,Blanspe,Europa
182,Blate,Mars
183,Ble,Mars
184,Blees,Mars
185,Bleling,Europa
186,Blentrary,Europa
187,Blie,Mars
188,Blité,Mars
189,Boderbint,Europa
190,Boltertley,Earth
191,Boltond,Earth
192,Boltund,Europa
193,Bonder,Earth
194,Bonnondry,Earth
195,Bookerson,Earth
196,Bookson,Earth
197,Bookst,Earth
198,Booneid,Earth
199,Booness,Earth
200,Booters,Earth
201,Bootez,Earth
202,Bootious,Europa
203,Bootty,Europa
204,Bost,Mars
205,Boste,Mars
206,Bota,Mars
207,Botie,Mars
208,Botte,Mars
209,Bowenasey,Earth
210,Bowerson,Earth
211,Boyers,Earth
212,Boyerson,Earth
213,Boyersons,Earth
214,Boyst,Mars
215,Bra,Mars
216,Bradamss,Earth
217,Bradiary,Europa
218,Bradissive,Europa
219,Bradlerson,Earth
220,Brailidy,Europa
221,Brakebarne,Europa
222,Brakeded,Europa
223,Brakeng,Europa
224,Brakepined,Europa
225,Brakeril,Europa
226,Braned,Europa
227,Brantcable,Europa
228,Brantuarez,Earth
229,Brathful,Europa
230,Braymon,Earth
231,Brazo,Mars
232,Bre,Mars
233,Breke,Mars
234,Brele,Mars
235,Brenney,Earth
236,Brensonsen,Earth
237,Brie,Mars
238,Briggins,Earth
239,Briggston,Earth
240,Brightez,Earth
241,Brighttt,Earth
242,Brin,Mars
243,Brine,Mars
244,Briouse,Europa
245,Brity,Mars
246,Brooke,Earth
247,Brookenson,Earth
248,Brooker,Earth
249,Brookes,Earth
250,Browlerson,Earth
251,Brownings,Earth
252,Brownson,Earth
253,Brugashed,Europa
254,Bruthydre,Europa
255,Bryangton,Earth
256,Bryants,Earth
257,Buchansen,Earth
258,Buche,Mars
259,Buckeelez,Earth
260,Buckeenez,Earth
261,Buckentry,Earth
262,Bucklandez,Earth
263,Buckleinson,Earth
264,Bucknersony,Earth
265,Buckson,Earth
266,Bullerson,Earth
267,Bulliamoses,Earth
268,Bullisey,Earth
269,Bun,Mars
270,Buncy,Mars
271,Burcaling,Europa
272,Burchanez,Earth
273,Burchard,Earth
274,Burchrison,Earth
275,Burie,Mars
276,Burker,Earth
277,Burksson,Earth
278,Burle,Mars
279,Burnerez,Earth
280,Burnewman,Earth
281,Burraymons,Earth
282,Burrilllins,Earth
283,Burry,Mars
284,Burryerson,Earth
285,Burta,Mars
286,Burte,Mars
287,Burtiz,Earth
288,Bush,Mars
289,Bushafford,Earth
290,Bushallert,Earth
291,Bushins,Earth
292,Busive,Europa
293,Buth,Mars
294,Butte,Mars
295,Butty,Mars
296,Byerry,Earth
297,Byerson,Earth
298,Byerton,Earth
299,Cabrewsond,Earth
300,Caineson,Earth
301,Cainghannon,Earth
302,Cake,Mars
303,Cakie,Mars
304,Cako,Mars
305,Calazy,Europa
306,Calhounez,Earth
307,Calian,Europa
308,Caljoiry,Europa
309,Callower,Europa
310,Callowery,Earth
311,Caltilter,Europa
312,Calved,Europa
313,Camerrison,Earth
314,Cames,Earth
315,Campson,Earth
316,Can,Mars
317,Canie,Mars
318,Canields,Earth
319,Canton,Earth
320,Capplid,Europa
321,Cardner,Earth
322,Cardners,Earth
323,Cardsay,Earth
324,Carezquez,Earth
325,Carlsonney,Earth
326,Carpennels,Earth
327,Carpentley,Earth
328,Carreralend,Earth
329,Carrishley,Earth
330,Carsoning,Earth
331,Cart,Mars
332,Carterson,Earth
333,Cartez,Earth
334,Cartiz,Earth
335,Cartyernan,Earth
336,Cartz,Earth
337,Carté,Mars
338,Carverson,Earth
339,Carvis,Earth
340,Casentry,Earth
341,Casez,Earth
342,Casonston,Earth
343,Cassiding,Europa
344,Castannison,Earth
345,Castery,Europa
346,Castron,Earth
347,Casty,Mars
348,Cathome,Europa
349,Cattle,Europa
350,Cattyried,Europa
351,Cha,Mars
352,Chaellerty,Earth
353,Chake,Mars
354,Chanan,Earth
355,Chanash,Earth
356,Chapmaney,Earth
357,Chardsonnon,Earth
358,Chardsons,Earth
359,Chardst,Earth
360,Charpelaney,Earth
361,Charryerry,Earth
362,Chasey,Earth
363,Chate,Mars
364,Chavezalez,Earth
365,Chcak,Mars
366,Che,Mars
367,Cheen,Mars
368,Chenson,Earth
369,Ches,Mars
370,Chhaft,Europa
371,Chica,Mars
372,Chiff,Mars
373,Chité,Mars
374,Chmad,Mars
375,Chman,Mars
376,Chnik,Mars
377,Chocaters,Europa
378,Chort,Mars
379,Chpeng,Europa
380,Chpie,Mars
381,Chrie,Mars
382,Chroeders,Earth
383,Chsere,Europa
384,Chuble,Europa
385,Cientteng,Europa
386,Ciplanke,Europa
387,Cisorter,Europa
388,Cla,Mars
389,Clake,Mars
390,Clarty,Europa
391,Clayson,Earth
392,Cle,Mars
393,Cleachrand,Earth
394,Clean,Earth
395,Cleang,Earth
396,Cleman,Earth
397,Cleminglas,Earth
398,Clemondsey,Earth
399,Clinantones,Earth
400,Clinarfork,Europa
401,Clindy,Europa
402,Clugeadry,Europa
403,Clugeammy,Europa
404,Clugete,Europa
405,Clughted,Europa
406,Cluitty,
407,Clumshangs,Europa
408,Clumsty,Europa
409,Clunic,Europa
410,Clutcheed,Europa
411,Clutchor,Europa
412,Cluted,Europa
413,Cluthosexy,Europa
414,Clutolded,Europa
415,Coarswing,Europa
416,Cobson,Earth
417,Cochrisons,Earth
418,Cofferson,Earth
419,Coffmaney,Earth
420,Coflé,Mars
421,Cohendright,Earth
422,Coictrazy,Europa
423,Cola,Mars
424,Colensid,Europa
425,Coley,Earth
426,Coleyanglas,Earth
427,Colle,Mars
428,Colleruces,Earth
429,Collinson,Earth
430,Colomonson,Earth
431,Colte,Mars
432,Combson,Earth
433,Comessic,Europa
434,Conable,Europa
435,Conachets,Europa
436,Conaly,Europa
437,Conamminal,Europa
438,Conate,Europa
439,Conca,Mars
440,Concy,Mars
441,Cone,Mars
442,Conie,Mars
443,Coning,Europa
444,Coniple,Europa
445,Conleydenan,Earth
446,Connelson,Earth
447,Conney,Earth
448,Connon,Earth
449,Contery,Europa
450,Contrevins,Earth
451,Cookentaney,Earth
452,Cooki,Mars
453,Cooks,Earth
454,Cookson,Earth
455,Coolerson,Earth
456,Coolez,Earth
457,Coopelandez,Earth
458,Cooperkins,Earth
459,Coopezmaney,Earth
460,Corie,Mars
461,Corman,Earth
462,Cort,Mars
463,Corte,Mars
464,Cotik,Mars
465,Cotte,Mars
466,Coudered,Europa
467,Coune,Mars
468,Couresteer,Europa
469,Couseced,Europa
470,Cousel,Europa
471,Covale,Europa
472,Covetive,Europa
473,Coweboded,Europa
474,Cowsearney,Europa
475,Cowtale,Europa
476,Coxterez,Earth
477,Cracionfic,Europa
478,Craftstens,Earth
479,Craing,Europa
480,Crakenecal,Europa
481,Crakete,Europa
482,Craleve,
483,Cralinal,Europa
484,Crantiale,Europa
485,Cratrave,Europa
486,Crayeson,Earth
487,Cre,Mars
488,Cread,Mars
489,Creke,Mars
490,Crelaxle,Europa
491,Cres,Mars
492,Crie,Mars
493,Crioncery,Europa
494,Crité,Mars
495,Crosarios,Earth
496,Crosbornes,Earth
497,Crueld,Europa
498,Cruzaley,Earth
499,Cry,Mars
500,Cuche,Mars
501,Cumpting,Europa
502,Cuplial,Europa
503,Cure,Mars
504,Curie,Mars
505,Curle,Mars
506,Currisones,Earth
507,Curry,Mars
508,Curte,Mars
509,Curton,Earth
510,Cusa,Mars
511,Cylistrand,Europa
512,Dake,Mars
513,Dal,Mars
514,Dan,Mars
515,Danad,Mars
516,Danielps,Earth
517,Date,Mars
518,Datie,Mars
519,Dato,Mars
520,Datte,Mars
521,Datty,Mars
522,Daughessey,Earth
523,Daughtson,Earth
524,Daughttley,Earth
525,Davens,Earth
526,Daviddley,Earth
527,Davispinoz,Earth
528,Dawsoncis,Earth
529,Dayers,Earth
530,Deckerson,Earth
531,Deckley,Earth
532,Dectory,Europa
533,Dedentive,Europa
534,Dedometeel,Europa
535,Deeke,Mars
536,Delangleton,Earth
537,Delazarson,Earth
538,Delez,Earth
539,Demansty,Europa
540,Denashipson,Earth
541,Depie,Mars
542,Derry,Mars
543,Derte,Mars
544,Dertering,Europa
545,Derterval,Europa
546,Dervalt,Europa
547,Deva,Mars
548,Diabysid,Europa
549,Dianket,Europa
550,Diateous,Europa
551,Diazarez,Earth
552,Dicely,Europa
553,Dickley,Earth
554,Dickman,Earth
555,Dicksons,Earth
556,Dicomeng,Europa
557,Dightent,Europa
558,Dillestron,Earth
559,Dillines,Earth
560,Dillips,Earth
561,Dindeng,Europa
562,Dingauge,Europa
563,Dinger,Europa
564,Dinsprody,Europa
565,Diouselt,Europa
566,Dischod,Europa
567,Discuous,Europa
568,Disgul,Europa
569,Dishearly,Europa
570,Disheract,Europa
571,Dishocatal,Europa
572,Disight,Europa
573,Disivering,Europa
574,Dissper,Europa
575,Dister,Europa
576,Distured,Europa
577,Dombsoney,Earth
578,Domington,Earth
579,Dompreced,Europa
580,Donotaked,Europa
581,Donson,Earth
582,Doorge,Europa
583,Dorsenry,Earth
584,Dotsondez,Earth
585,Doughan,Earth
586,Douglasen,Earth
587,Drakeekss,Earth
588,Dratembid,Europa
589,Drayfulery,Europa
590,Dreamspric,Europa
591,Drelcate,Europa
592,Dressink,Europa
593,Drivery,Europa
594,Droning,Europa
595,Duckil,Europa
596,Duffmaney,Earth
597,Dukertyler,Earth
598,Dun,Mars
599,Dunnisey,Earth
600,Duranks,Earth
601,Dutte,Mars
602,Dutty,Mars
603,Dyers,Earth
604,Dynatic,Europa
605,Dynigic,Europa
606,Earmeter,Europa
607,Ecart,Mars
608,Ecate,Mars
609,Eccle,Mars
610,Ecre,Mars
611,Edwartizman,Earth
612,Efulows,Europa
613,Eguing,Europa
614,Ellahan,Earth
615,Ellcefulve,Europa
616,Ellson,Earth
617,Embleng,Europa
618,Emead,Mars
619,Emenez,Earth
620,Emetillove,Europa
621,Emone,Mars
622,Emoted,Europa
623,Empie,Mars
624,Englas,Earth
625,Englence,Earth
626,Ennalve,Europa
627,Entedraved,Europa
628,Entenedy,Europa
629,Entratable,Europa
630,Erflé,Mars
631,Ericksonga,Earth
632,Erle,Mars
633,Erpie,Mars
634,Erry,Mars
635,Erte,Mars
636,Esseal,Europa
637,Estein,Earth
638,Estiagosen,Earth
639,Estron,Earth
640,Evedorsen,Earth
641,Ewins,Earth
642,Ewisentley,Earth
643,Ewiseston,Earth
644,Excialing,Europa
645,Exhaft,Europa
646,Exhaftearm,Europa
647,Exible,Europa
648,Exibuctich,Europa
649,Exnutch,Europa
650,Fache,Mars
651,Facke,Mars
652,Facle,Mars
653,Fairdised,Europa
654,Fanbox,Europa
655,Fanchy,Europa
656,Fandomatty,Europa
657,Fanseld,Europa
658,Fansty,Europa
659,Farleyatton,Earth
660,Farmonrada,Earth
661,Farrez,Earth
662,Farrowns,Earth
663,Fatchanble,Europa
664,Fate,Mars
665,Fatte,Mars
666,Fatted,Europa
667,Fawnsive,Europa
668,Femoused,Europa
669,Fictful,Europa
670,Fielsenders,Earth
671,Fielson,Earth
672,Figuez,Earth
673,Fiha,Mars
674,Filerst,Europa
675,Fincy,Mars
676,Fine,Mars
677,Fisheparks,Earth
678,Fisherry,Earth
679,Fishopper,Earth
680,Fisty,Mars
681,Fisun,Mars
682,Fitzgerson,Earth
683,Fla,Mars
684,Flaie,Mars
685,Flate,Mars
686,Flatic,Europa
687,Fle,Mars
688,Flell,Mars
689,Flemaney,Earth
690,Fles,Mars
691,Flesping,Europa
692,Fliblerolt,Europa
693,Flie,Mars
694,Flité,Mars
695,Floaf,Mars
696,Floways,Earth
697,Flowensley,Earth
698,Floydendley,Earth
699,Flyncharlan,Earth
700,Flynner,Earth
701,Flynney,Earth
702,Flynnis,Earth
703,Flé,Mars
704,Foledges,Earth
705,Folemonley,Earth
706,Folhal,Europa
707,Folkshbox,Europa
708,Foller,Europa
709,Folumorly,Europa
710,Fone,Mars
711,Fonie,Mars
712,Foraud,Europa
713,Fordulgaug,Europa
714,Forne,Mars
715,Forous,Europa
716,Fouseding,Europa
717,Fowlaney,Earth
718,Fowles,Earth
719,Fowlesterez,Earth
720,Foxter,Earth
721,Frablerly,Europa
722,Frakepeed,Europa
723,Fralledic,Europa
724,Franankson,Earth
725,Franchaney,Earth
726,Francock,Earth
727,Frandriquez,Earth
728,Franey,Earth
729,Franton,Earth
730,Frasp,Mars
731,Frattyring,Europa
732,Frazie,Earth
733,Frazo,Mars
734,Freder,Earth
735,Frederry,Earth
736,Fredersend,Earth
737,Freednal,Europa
738,Freevenson,Earth
739,Freptic,Europa
740,Frie,Mars
741,Fringearty,Europa
742,Fringh,Europa
743,Frintful,Europa
744,Frité,Mars
745,Frogauded,Europa
746,Frolestty,Europa
747,Fruidy,Europa
748,Fryan,Earth
749,Fryersonis,Earth
750,Fryes,Earth
751,Fuelddid,Europa
752,Fuelightic,Europa
753,Fueling,Europa
754,Fuelisent,Europa
755,Fuenterson,Earth
756,Fuenton,
757,Fuentryoung,Earth
758,Fulacid,Europa
759,Fulatorly,Europa
760,Fuleng,Europa
761,Fullided,Europa
762,Fullous,Europa
763,Fulloydez,Earth
764,Fultz,Earth
765,Fushausive,Europa
766,Fusimodent,Europa
767,Gainebergan,Earth
768,Gaineyerson,Earth
769,Gaington,Earth
770,Gainney,Earth
771,Gallandez,Earth
772,Gallard,Earth
773,Gallencis,Earth
774,Gallenry,Earth
775,Gamberson,Earth
776,Gambs,Earth
777,Garden,Earth
778,Gardonadox,Earth
779,Gardsondez,Earth
780,Garnes,Earth
781,Garnettiz,Earth
782,Garrincent,Earth
783,Garzaley,Earth
784,Geadle,Europa
785,Geakerat,Europa
786,Gealably,Europa
787,Gealloyalt,Europa
788,Gealter,Europa
789,Gearitte,Europa
790,Geatenth,Europa
791,Gele,Mars
792,Gelie,Mars
793,Gelle,Mars
794,Gelte,Mars
795,Gemoserad,Europa
796,Gency,Mars
797,Gene,Mars
798,Geneltic,Europa
799,Gentledges,Earth
800,Genuild,Europa
801,Geoconne,Europa
802,Georgasey,Earth
803,Geousker,Europa
804,Geousty,Europa
805,Gepie,Mars
806,Geraing,Europa
807,Gerin,Mars
808,Gerry,Mars
809,Giba,Mars
810,Gibbsonton,Earth
811,Gilesonston,Earth
812,Giller,Earth
813,Gilleranks,Earth
814,Gilleyons,Earth
815,Gillock,Earth
816,Gin,Mars
817,Gine,Mars
818,Gleroling,Europa
819,Glisormal,Europa
820,Glogry,Europa
821,Gloother,Europa
822,Gloyanthy,Europa
823,Gocent,Europa
824,Goffey,Earth
825,Goldendrice,Earth
826,Gonzaley,Earth
827,Goodson,Earth
828,Goody,Earth
829,Gooki,Mars
830,Goortedant,Europa
831,Gordanieves,Earth
832,Gordond,Earth
833,Gouldensen,Earth
834,Graciansus,Europa
835,Grahangory,Earth
836,Graie,Mars
837,Graneyes,Earth
838,Gre,Mars
839,Gread,Mars
840,Grean,Mars
841,Greded,Europa
842,Greenez,Earth
843,Greeves,Earth
844,Gregordy,Earth
845,Grentual,Europa
846,Griffince,Earth
847,Grifford,Earth
848,Griffy,Earth
849,Groforacid,Europa
850,Guerson,Earth
851,Guezaley,Earth
852,Guieroolow,Europa
853,Gulcepusy,Europa
854,Guloofant,Europa
855,Gulthler,Europa
856,Hac,Mars
857,Hacle,Mars
858,Haftical,Europa
859,Hahnstoneal,Earth
860,Hahnstonsen,Earth
861,Hake,Mars
862,Hales,Earth
863,Hallahaney,Earth
864,Hamberterry,Earth
865,Hamcmahon,Earth
866,Hammons,Earth
867,Hammonton,Earth
868,Handertiz,Earth
869,Hanghanson,Earth
870,Hanner,Earth
871,Hapie,Mars
872,Hardley,Earth
873,Hardonald,Earth
874,Hardson,Earth
875,Hardsonerry,Earth
876,Hariourcal,Europa
877,Harley,Earth
878,Harmond,Earth
879,Harmontry,Earth
880,Harperez,Earth
881,Harrenoldez,Earth
882,Harry,Earth
883,Hart,Mars
884,Harta,Mars
885,Harte,Mars
886,Hartz,Earth
887,Harverez,Earth
888,Haste,Mars
889,Haydenez,Earth
890,Haydenzier,Earth
891,Hayder,Earth
892,Hayersents,Earth
893,Hayerson,Earth
894,Hayertez,Earth
895,Haynard,Earth
896,Haynardy,Earth
897,Headardyer,Earth
898,Headfair,Europa
899,Headmish,Europa
900,Healist,Europa
901,Healted,Europa
902,Heateele,Europa
903,Hebernandry,Earth
904,Hednigic,Europa
905,Heedry,Europa
906,Heermy,Europa
907,Heeroling,Europa
908,Hendrewsons,Earth
909,Hendrys,Earth
910,Heney,Earth
911,Hermanapp,Earth
912,Hermane,Earth
913,Herpumble,Europa
914,Herreras,Earth
915,Herry,Earth
916,Hersons,Earth
917,Hervel,Europa
918,Hessey,Earth
919,Hestes,Earth
920,Hetforhaft,Europa
921,Hewson,Earth
922,Hickerson,Earth
923,Hickett,Earth
924,Hickley,Earth
925,Hickson,Earth
926,Hiebox,Europa
927,Higast,Europa
928,Hinesh,Earth
929,Hinetthews,Earth
930,Hineyley,Earth
931,Hinglendez,Earth
932,Hobbinson,Earth
933,Hodes,Earth
934,Hodgesss,Earth
935,Hoffergess,Earth
936,Holatirint,Europa
937,Holcompson,Earth
938,Holcompton,
939,Holiabler,Europa
940,Holliams,Earth
941,Holsen,Earth
942,Holson,Earth
943,Holton,Earth
944,Hometerval,Europa
945,Homin,Mars
946,Honatte,Europa
947,Honchoe,Europa
948,Hontichre,Europa
949,Hoodgers,Earth
950,Hoodjuded,Europa
951,Hooff,Mars
952,Hooperez,Earth
953,Hoopez,Earth
954,Hoorbaring,Europa
955,Hoorherve,Europa
956,Hopez,Earth
957,Hopperett,Earth
958,Hoppernardy,Earth
959,Hoppers,Earth
960,Horbox,Europa
961,Horndley,Earth
962,Horners,Earth
963,Hornettoney,Earth
964,Horte,Mars
965,Hortez,Earth
966,Horthy,Earth
967,Hortis,Earth
968,Hotte,Mars
969,Hotty,Mars
970,Houseson,Earth
971,Howayery,Earth
972,Howenters,Earth
973,Hubbarnett,Earth
974,Hubbarrison,Earth
975,Hubbarton,Earth
976,Hubert,Earth
977,Huffy,Earth
978,Hughriend,Earth
979,Hultz,Earth
980,Humphreyes,Earth
981,Hunterton,Earth
982,Huntt,Earth
983,Hurchanney,Earth
984,Hurchez,Earth
985,Hurchrisong,Earth
986,Hurles,Earth
987,Hutchinton,Earth
988,Ica,Mars
989,Icablebat,Europa
990,Icake,Mars
991,Iccle,Mars
992,Idercaling,Europa
993,Iderinelay,Europa
994,Idivent,Europa
995,Idlatchse,Europa
996,Ightive,Europa
997,Igmable,Europa
998,Imingle,Europa
999,Imotive,Europa
1000,Imparmle,Europa
1001,Imprank,Europa
1002,Impress,Europa
1003,Improus,Europa
1004,Inderad,Europa
1005,Inderly,Europa
1006,Ineded,Europa
1007,Ineedeve,Europa
1008,Inesely,Europa
1009,Ineysive,Europa
1010,Ingascomet,Europa
1011,Ingent,Europa
1012,Ingetrody,Europa
1013,Inghtal,Europa
1014,Inghting,Europa
1015,Ingston,Earth
1016,Ington,Earth
1017,Inguel,Europa
1018,Ingwhed,Europa
1019,Inicont,Europa
1020,Iniouser,Europa
1021,Invebodene,Europa
1022,Irintious,Europa
1023,Irived,Europa
1024,Irwines,Earth
1025,Jacobbinson,Earth
1026,Jacostaffey,Earth
1027,Jacostaney,Earth
1028,Jacostanley,Earth
1029,Jacostarks,Earth
1030,Jaf,Mars
1031,Jaff,Mars
1032,Jaflé,Mars
1033,Jamad,Mars
1034,Jamai,Mars
1035,Jarvey,Earth
1036,Jeffey,Earth
1037,Jenkinnedy,Earth
1038,Jenningley,Earth
1039,Jenson,Earth
1040,Jimes,Earth
1041,Johnsby,Earth
1042,Johnshines,Earth
1043,Johnsondez,Earth
1044,Jorden,Earth
1045,Josesh,Earth
1046,Josey,Earth
1047,Joycerton,Earth
1048,Joyneidez,Earth
1049,Joynewtonks,Earth
1050,Juartis,Earth
1051,Kad,Mars
1052,Kaney,Earth
1053,Kart,Mars
1054,Karte,Mars
1055,Kashe,Mars
1056,Katte,Mars
1057,Kaufmaneyes,Earth
1058,Keen,
1059,Keithunts,Earth
1060,Kellson,Earth
1061,Kellynn,Earth
1062,Kellyons,Earth
1063,Kennetty,Earth
1064,Kenzierry,Earth
1065,Kepie,Mars
1066,Kerrealds,Earth
1067,Kerristicey,Earth
1068,Kha,Mars
1069,Khaf,Mars
1070,Khake,Mars
1071,Khart,Mars
1072,Kiddley,Earth
1073,Kidie,Mars
1074,Kidne,Mars
1075,Kie,Mars
1076,Kiling,Europa
1077,Kill,Mars
1078,Killé,Mars
1079,Kimons,Earth
1080,Kimpson,Earth
1081,Kin,Mars
1082,Kinad,Mars
1083,Kine,Mars
1084,Kinson,Earth
1085,Kirklander,Earth
1086,Kirks,Earth
1087,Kité,Mars
1088,Klindsayer,Earth
1089,Klindsey,Earth
1090,Klinson,Earth
1091,Knie,Mars
1092,Knik,Mars
1093,Knike,Mars
1094,Knité,Mars
1095,Kniva,Mars
1096,Knocke,Europa
1097,Knoxonway,Earth
1098,Knoxtones,Earth
1099,Kochroeders,Earth
1100,Kra,Mars
1101,Kraie,Mars
1102,Krake,Mars
1103,Kramorry,Earth
1104,Kramosley,Earth
1105,Krampbelles,Earth
1106,Kuche,Mars
1107,Laai,Mars
1108,Lacke,Mars
1109,Lake,Mars
1110,Lamberguson,Earth
1111,Lambles,Earth
1112,Lambleyoun,Earth
1113,Lambucketty,Earth
1114,Lancis,Earth
1115,Lancock,Earth
1116,Landolphrey,Earth
1117,Langatein,Earth
1118,Lanks,Earth
1119,Lansuffle,Europa
1120,Lapie,Mars
1121,Lardsonald,Earth
1122,Lardy,Earth
1123,Larks,Earth
1124,Larlowelley,Earth
1125,Late,Mars
1126,Laturive,Europa
1127,Leblanchez,Earth
1128,Leetersoney,Earth
1129,Leeves,Earth
1130,Lendly,Europa
1131,Leodger,Earth
1132,Leonadorsen,Earth
1133,Leonaldez,Earth
1134,Leonzaley,Earth
1135,Lepie,Mars
1136,Lerez,Earth
1137,Leson,Earth
1138,Lessonerry,Earth
1139,Leste,Mars
1140,Letie,Mars
1141,Leton,Earth
1142,Lette,Mars
1143,Letty,Mars
1144,Lewinez,Earth
1145,Lewinton,Earth
1146,Lewintos,Earth
1147,Lisholtery,Europa
1148,Listive,Europa
1149,Litthews,Earth
1150,Llobsoney,Earth
1151,Llonovancis,Earth
1152,Llovers,Earth
1153,Logannon,Earth
1154,Lopelases,Earth
1155,Loring,Europa
1156,Loverceson,Earth
1157,Loverthyo,Earth
1158,Loway,Earth
1159,Lowelliott,Earth
1160,Lowerrudy,Europa
1161,Lunapperts,Earth
1162,Lynnerett,Earth
1163,Macdonadows,Earth
1164,Mad,Mars
1165,Madan,Mars
1166,Make,Mars
1167,Maldon,Earth
1168,Mallerez,Earth
1169,Malliamsey,Earth
1170,Mallisly,Europa
1171,Man,Mars
1172,Manda,Mars
1173,Mander,Europa
1174,Mandez,Earth
1175,Mane,Mars
1176,Manie,Mars
1177,Mare,Mars
1178,Marshopper,Earth
1179,Marson,Earth
1180,Masquez,Earth
1181,Mathison,Earth
1182,Matimple,Europa
1183,Matoltuble,Europa
1184,Matts,Earth
1185,Maxled,Europa
1186,Mayder,Earth
1187,Maynardner,Earth
1188,Mayods,Earth
1189,Mayson,Earth
1190,Maystuarey,Earth
1191,Mcbriddley,Earth
1192,Mcbriggins,Earth
1193,Mcbriguez,Earth
1194,Mcbritts,Earth
1195,Mccard,Earth
1196,Mccarry,Earth
1197,Mccarveymon,Earth
1198,Mcclayton,Earth
1199,Mcculley,Earth
1200,Mcdanield,Earth
1201,Mcdowns,Earth
1202,Mcfaddennon,Earth
1203,Mcfaddenson,Earth
1204,Mcfaddoxter,Earth
1205,Mcfarley,Earth
1206,Mcfarleys,Earth
1207,Mcfarmerson,Earth
1208,Mcgoway,Earth
1209,Mcgowaymond,Earth
1210,Mcguirez,Earth
1211,Mcinton,Earth
1212,Mcintons,Earth
1213,Mckinn,Earth
1214,Mckins,Earth
1215,Mckinsond,Earth
1216,Mclainez,Earth
1217,Mclardson,Earth
1218,Mclarseney,Earth
1219,Mcleandez,Earth
1220,Mcleaney,Earth
1221,Mcmahoney,Earth
1222,Mcneiderson,Earth
1223,Mcneiley,Earth
1224,Mcphernard,Earth
1225,Meadoney,Earth
1226,Meake,Mars
1227,Meate,Mars
1228,Meau,Mars
1229,Medington,Earth
1230,Mejiaddox,Earth
1231,Mejiamsey,Earth
1232,Mejiarkerox,Earth
1233,Mele,Mars
1234,Meleon,Earth
1235,Melez,Earth
1236,Melie,Mars
1237,Melte,Mars
1238,Melto,Mars
1239,Meltoney,Earth
1240,Meltonway,Earth
1241,Ments,Earth
1242,Mepie,Mars
1243,Merce,Earth
1244,Merie,Mars
1245,Merkins,Earth
1246,Meroliss,Europa
1247,Merrelliss,Earth
1248,Merte,Mars
1249,Mesty,Mars
1250,Meteet,Europa
1251,Metiveal,Europa
1252,Meyersones,Earth
1253,Meyerthy,Earth
1254,Mickersones,Earth
1255,Micknightt,Earth
1256,Midtt,Earth
1257,Mille,Mars
1258,Milton,Earth
1259,Miltongson,Earth
1260,Min,Mars
1261,Minen,Mars
1262,Mingious,Europa
1263,Miranciash,Earth
1264,Mirandry,Earth
1265,Mirez,Earth
1266,Mirezavis,Earth
1267,Mirinanty,Europa
1268,Mish,Mars
1269,Missefle,Europa
1270,Miste,Mars
1271,Mith,Mars
1272,Mitte,Mars
1273,Mity,Mars
1274,Modent,Europa
1275,Modomel,Europa
1276,Mondalley,Earth
1277,Mondsey,Earth
1278,Mone,Mars
1279,Monfulewss,Europa
1280,Monie,Mars
1281,Monpreery,Europa
1282,Monroellynn,Earth
1283,Monsoney,Earth
1284,Moodman,Earth
1285,Moodmandez,Earth
1286,Moodsey,Earth
1287,Moodson,Earth
1288,Moongton,Earth
1289,Moorez,Earth
1290,Moraleney,Earth
1291,Morandry,Earth
1292,Moranthons,Earth
1293,Morelly,Earth
1294,Moreman,Earth
1295,Morez,Earth
1296,Morgerson,Earth
1297,Mormonized,Europa
1298,Mornaned,Europa
1299,Morrencis,Earth
1300,Morrodgers,Earth
1301,Morrows,Earth
1302,Morsentley,Earth
1303,Mosepherry,Earth
1304,Mostedry,Europa
1305,Mosteraked,Europa
1306,Motive,Europa
1307,Motled,Europa
1308,Motter,Europa
1309,Mullericer,Earth
1310,Mulley,Earth
1311,Mullon,Earth
1312,Munozaley,Earth
1313,Munozanson,Earth
1314,Mushe,Mars
1315,Muspereed,
1316,Must,Mars
1317,Muste,Mars
1318,Myling,Europa
1319,Nache,Mars
1320,Nacke,Mars
1321,Nad,Mars
1322,Nairconed,Europa
1323,Nake,Mars
1324,Nalanet,Europa
1325,Namsheary,Europa
1326,Nan,Mars
1327,Nane,Mars
1328,Nanie,Mars
1329,Nasquez,Earth
1330,Nate,Mars
1331,Nateansive,Europa
1332,Navages,Earth
1333,Neceriont,Europa
1334,Netshaless,Europa
1335,Newtontoss,Earth
1336,Nguerrettye,Earth
1337,Nichaner,Earth
1338,Nichoan,Earth
1339,Nieldson,Earth
1340,Nieldsond,Earth
1341,Nifficaus,Europa
1342,Nobleyes,Earth
1343,Noelan,Earth
1344,Noeley,Earth
1345,Nolds,Earth
1346,Norrison,Earth
1347,Norry,Earth
1348,Noxiong,Europa
1349,Noxnuther,Europa
1350,Nutca,Mars
1351,Nuthe,Mars
1352,Nutte,Mars
1353,Nutty,Mars
1354,Obeaded,Europa
1355,Obedaming,Europa
1356,Objeciane,Europa
1357,Obnoble,Europa
1358,Obnoftle,Europa
1359,Obsentork,Europa
1360,Ocherman,Earth
1361,Oconley,Earth
1362,Oderient,Europa
1363,Officled,Europa
1364,Ofracculy,Europa
1365,Oidederval,Europa
1366,Oillepint,Europa
1367,Oillicaly,Europa
1368,Oilloody,Europa
1369,Oilpfulle,Europa
1370,Oilpuring,Europa
1371,Oinded,Europa
1372,Oingwhedly,Europa
1373,Oirmplathy,Europa
1374,Olivasquez,Earth
1375,Olshaffey,Earth
1376,Onbre,Mars
1377,Oncy,Mars
1378,One,Mars
1379,Oneidson,Earth
1380,Oneiles,Earth
1381,Onpie,Mars
1382,Openduave,Europa
1383,Opie,Mars
1384,Opité,Mars
1385,Oppont,Europa
1386,Oppressive,Europa
1387,Opshaft,Europa
1388,Opshoent,Europa
1389,Opshosent,Europa
1390,Optionful,Europa
1391,Ortinericey,Earth
1392,Ourcul,Europa
1393,Ousious,Europa
1394,Owerson,Earth
1395,Owery,Earth
1396,Pabler,Europa
1397,Pacerty,Earth
1398,Pacticious,Europa
1399,Pagedy,Earth
1400,Pager,Earth
1401,Paie,Mars
1402,Palmes,Earth
1403,Pamca,Mars
1404,Panad,Mars
1405,Pane,Mars
1406,Panie,Mars
1407,Panspic,Europa
1408,Parbage,Europa
1409,Parbleake,Europa
1410,Pare,Mars
1411,Parklaney,Earth
1412,Parrett,Earth
1413,Parsoney,Earth
1414,Part,Mars
1415,Parta,Mars
1416,Parte,Mars
1417,Parté,Mars
1418,Parymider,Europa
1419,Pasharne,Europa
1420,Pashe,Mars
1421,Paska,Mars
1422,Paste,Mars
1423,Paterpad,Europa
1424,Patimonne,Europa
1425,Patoetic,Europa
1426,Patrichane,Earth
1427,Patteraley,Earth
1428,Patthews,Earth
1429,Paulllegory,Earth
1430,Paynard,Earth
1431,Pead,Mars
1432,Peake,Mars
1433,Peane,Mars
1434,Pearsalason,Earth
1435,Peate,Mars
1436,Peckers,Earth
1437,Peckerson,Earth
1438,Pecketton,Earth
1439,Pelie,Mars
1440,Pelte,Mars
1441,Pentical,Europa
1442,Pentss,Earth
1443,Pepie,Mars
1444,Perable,Europa
1445,Perie,Mars
1446,Perkings,Earth
1447,Perkinson,Earth
1448,Perle,Mars
1449,Pernard,Earth
1450,Perneernal,Europa
1451,Pernised,Europa
1452,Perrerojass,Earth
1453,Persed,Europa
1454,Persoffly,Europa
1455,Pert,Mars
1456,Perta,Mars
1457,Perte,Mars
1458,Perty,Mars
1459,Peter,Earth
1460,Petermandez,Earth
1461,Peterstarks,Earth
1462,Petie,Mars
1463,Pette,Mars
1464,Petton,Earth
1465,Pettyreeman,Earth
1466,Philliames,Earth
1467,Phillis,Earth
1468,Philloway,Earth
1469,Pickleve,Europa
1470,Pie,Mars
1471,Pien,Mars
1472,Pierry,Earth
1473,Pimne,Mars
1474,Pine,Mars
1475,Pinoffent,Europa
1476,Pippoppere,Europa
1477,Pirejus,Europa
1478,Pittler,Earth
1479,Pittson,Earth
1480,Pité,Mars
1481,Plaricit,Europa
1482,Platch,Europa
1483,Plattering,Europa
1484,Ple,Mars
1485,Pleele,Europa
1486,Plegred,Europa
1487,Poicaptic,Europa
1488,Poille,Europa
1489,Pokebox,Europa
1490,Pokeck,Europa
1491,Pokerheed,Europa
1492,Poless,Europa
1493,Polksy,Europa
1494,Pollarkeeks,Earth
1495,Polliamposs,Earth
1496,Polloantes,Earth
1497,Pooles,Earth
1498,Pooley,Earth
1499,Popelacruz,Earth
1500,Popelase,Earth
1501,Popelazquez,Earth
1502,Poperez,Earth
1503,Popez,Earth
1504,Porki,Mars
1505,Porkilte,Europa
1506,Port,Mars
1507,Portananney,Earth
1508,Porté,Mars
1509,Poselfle,Europa
1510,Pota,Mars
1511,Potie,Mars
1512,Potte,Mars
1513,Potterry,Earth
1514,Potters,Earth
1515,Potthews,Earth
1516,Pottley,Earth
1517,Pottmanley,Earth
1518,Pottney,Earth
1519,Pottonalden,Earth
1520,Poustive,Europa
1521,Powenoble,Earth
1522,Powery,Earth
1523,Praded,Europa
1524,Praugnox,Europa
1525,Pre,Mars
1526,Pread,Mars
1527,Prearright,Europa
1528,Preeldy,Europa
1529,Preent,Europa
1530,Prefule,Europa
1531,Pressive,Europa
1532,Presstic,Europa
1533,Prestonard,Earth
1534,Pretive,Europa
1535,Pri,Mars
1536,Prickmantes,Earth
1537,Prie,Mars
1538,Prieress,Europa
1539,Prighty,Europa
1540,Prin,Mars
1541,Prine,Mars
1542,Pringrous,Europa
1543,Pringry,Europa
1544,Prinson,Earth
1545,Prist,Mars
1546,Prity,Mars
1547,Prité,Mars
1548,Prombled,Europa
1549,Pronfraked,Europa
1550,Proorbeng,Europa
1551,Prucerod,Europa
1552,Puckenton,Earth
1553,Puckley,Earth
1554,Puff,Mars
1555,Pughanders,Earth
1556,Pugherman,Earth
1557,Pughlinsons,Earth
1558,Pulgaly,Europa
1559,Pumbody,Europa
1560,Pumpeshaft,Europa
1561,Pure,Mars
1562,Purellliss,Europa
1563,Purie,Mars
1564,Purle,Mars
1565,Purte,Mars
1566,Pusive,Europa
1567,Quart,Mars
1568,Queen,Mars
1569,Queke,Mars
1570,Queldry,Europa
1571,Quelfly,Europa
1572,Quidedbolt,Europa
1573,Quinnedy,Earth
1574,Quinnerettt,Earth
1575,Quinnerry,Earth
1576,Quith,Mars
1577,Raca,Mars
1578,Racke,Mars
1579,Radisiouss,Europa
1580,Raf,Mars
1581,Rake,Mars
1582,Ramad,Mars
1583,Rames,Earth
1584,Ramoran,Earth
1585,Ranaly,Europa
1586,Raney,Earth
1587,Rapie,Mars
1588,Rasmussony,Earth
1589,Raste,Mars
1590,Rasty,Mars
1591,Razo,Mars
1592,Read,Mars
1593,Reake,Mars
1594,Reate,Mars
1595,Reau,Mars
1596,Redand,Europa
1597,Reedall,Europa
1598,Reeddommy,Europa
1599,Reedectied,Europa
1600,Reelest,Europa
1601,Reenez,Earth
1602,Reenon,Earth
1603,Reewerpic,Europa
1604,Regmansidy,Europa
1605,Reilline,Earth
1606,Reke,Mars
1607,Rekle,Mars
1608,Reming,Europa
1609,Rentruing,Europa
1610,Repie,Mars
1611,Replic,Europa
1612,Replipent,Europa
1613,Repumparte,Europa
1614,Resendent,Europa
1615,Reshory,Europa
1616,Ressighty,Europa
1617,Ressing,Europa
1618,Reste,Mars
1619,Resty,Mars
1620,Retefule,Europa
1621,Rewmid,Europa
1622,Reyersendry,Earth
1623,Reyerson,Earth
1624,Reyervaney,Earth
1625,Reynoldez,Earth
1626,Rhuba,Mars
1627,Rices,Earth
1628,Ricete,Europa
1629,Ricews,Earth
1630,Richan,Earth
1631,Ricklaney,Earth
1632,Ricks,Earth
1633,Ricled,Europa
1634,Rigginsen,Earth
1635,Rigginson,Earth
1636,Righturter,Europa
1637,Rilley,Earth
1638,Rimplighty,Europa
1639,Rinicapead,Europa
1640,Rivanseney,Earth
1641,River,Earth
1642,Roachez,Earth
1643,Roachoanand,Earth
1644,Robbson,Earth
1645,Robersondez,Earth
1646,Robins,Earth
1647,Robley,Earth
1648,Rochan,Earth
1649,Rochaserry,Earth
1650,Rocholton,Earth
1651,Rocknight,Earth
1652,Rodger,Earth
1653,Rodricker,Earth
1654,Rodwative,Europa
1655,Roforhauge,Europa
1656,Roftfuling,Europa
1657,Romason,Earth
1658,Romez,Earth
1659,Ropie,Mars
1660,Rosalanenn,Earth
1661,Rosargas,Earth
1662,Roses,Earth
1663,Rossey,Earth
1664,Rostarks,Earth
1665,Rothewson,Earth
1666,Rotter,Europa
1667,Roustorly,Europa
1668,Roycentes,Earth
1669,Ruica,Mars
1670,Ruity,Mars
1671,Ruité,Mars
1672,Rupent,Europa
1673,Rushing,Earth
1674,Rushorney,Earth
1675,Russelloyd,Earth
1676,Russon,Earth
1677,Rutler,Earth
1678,Ryanga,Earth
1679,Ryanglasey,Earth
1680,Sache,Mars
1681,Sacle,Mars
1682,Sacre,Mars
1683,Sacy,Mars
1684,Sad,Mars
1685,Saf,Mars
1686,Sageng,Europa
1687,Sake,Mars
1688,Saley,Earth
1689,Salez,Earth
1690,Salin,Earth
1691,Sames,Mars
1692,Sancasey,Earth
1693,Sancockett,Earth
1694,Sandry,Earth
1695,Sandul,Europa
1696,Santantines,Earth
1697,Santin,Earth
1698,Santry,Earth
1699,Santuez,Earth
1700,Sarios,Earth
1701,Saste,Mars
1702,Sau,Mars
1703,Saundez,Earth
1704,Savaraldez,Earth
1705,Sawyerson,Earth
1706,Scake,Mars
1707,Scerodbox,Europa
1708,Sche,Mars
1709,Scheron,Earth
1710,Schmondez,Earth
1711,Schwardson,Earth
1712,Sciatberit,Europa
1713,Scotterkins,Earth
1714,Scottney,Earth
1715,Scottuez,Earth
1716,Scoudelle,Europa
1717,Sebleve,Europa
1718,Secened,Europa
1719,Sechausive,Europa
1720,Seche,Mars
1721,Secont,Europa
1722,Seen,Mars
1723,Seflock,Europa
1724,Sellahaney,Earth
1725,Sellentry,Earth
1726,Semageary,Europa
1727,Semootor,Europa
1728,Sempreate,Europa
1729,Sempribly,Europa
1730,Sepie,Mars
1731,Sernator,Europa
1732,Serraynardy,Earth
1733,Serry,Earth
1734,Sersocatic,Europa
1735,Ses,Mars
1736,Sesa,Mars
1737,Sextones,Earth
1738,Sfin,Mars
1739,Sha,Mars
1740,Shake,Mars
1741,Shawatson,Earth
1742,Shawforden,Earth
1743,Shbre,Mars
1744,Shcad,Mars
1745,She,Mars
1746,Shephendery,Earth
1747,Shephendry,Earth
1748,Shermann,Earth
1749,Shieldson,Earth
1750,Shming,Europa
1751,Shoeweely,Europa
1752,Shpie,Mars
1753,Shricatory,Europa
1754,Shrie,Mars
1755,Siccertful,Europa
1756,Sidie,Mars
1757,Sidne,Mars
1758,Simmonders,Earth
1759,Simonddler,Earth
1760,Simonsents,Earth
1761,Simonson,Earth
1762,Simous,Europa
1763,Simpsonks,Earth
1764,Simsey,Earth
1765,Simson,Earth
1766,Simstravery,Earth
1767,Sin,Mars
1768,Sincy,Mars
1769,Sinda,Mars
1770,Sinecthex,Europa
1771,Singlents,Earth
1772,Singmage,Europa
1773,Singtons,Earth
1774,Sionerorly,Europa
1775,Siveduced,Europa
1776,Siviothy,Europa
1777,Skenginne,Europa
1778,Skessid,Europa
1779,Slable,Europa
1780,Slates,Earth
1781,Slatessen,Earth
1782,Slavested,Europa
1783,Slomed,Europa
1784,Sloweber,Europa
1785,Smalloney,Earth
1786,Smalls,Earth
1787,Snoaf,Mars
1788,Snoff,Mars
1789,Snowaney,Earth
1790,Sobvisted,Europa
1791,Sofraten,Europa
1792,Solinez,Earth
1793,Solivers,Earth
1794,Solon,Earth
1795,Sometery,Europa
1796,Sonofmory,Europa
1797,Sopie,Mars
1798,Sorbitter,Europa
1799,Sorticbar,Europa
1800,Sosalinson,Earth
1801,Sosanturney,Earth
1802,Sotond,Earth
1803,Soun,Mars
1804,Spadicage,Europa
1805,Spandisket,Europa
1806,Spane,Mars
1807,Spanxibus,Europa
1808,Sparsaxle,Europa
1809,Spassive,Europa
1810,Speating,Europa
1811,Spedlinale,Europa
1812,Spedlybood,Europa
1813,Speedgear,Europa
1814,Spencervan,Earth
1815,Spentley,Earth
1816,Sperap,Europa
1817,Spien,Mars
1818,Spirfuent,Europa
1819,Spistory,Europa
1820,Spoilling,Europa
1821,Spopting,Europa
1822,Spore,Mars
1823,Sprender,Europa
1824,Springht,Europa
1825,Stacketent,Europa
1826,Staf,Mars
1827,Staffersby,Earth
1828,Stake,Mars
1829,Stanleyd,Earth
1830,Stannondez,Earth
1831,Stanters,Earth
1832,Stantiagord,Earth
1833,Starkers,Earth
1834,Start,Mars
1835,Statch,Europa
1836,Stche,Mars
1837,Ste,Mars
1838,Stead,Mars
1839,Steary,Europa
1840,Steelerettt,Earth
1841,Steeletters,Earth
1842,Steinardson,Earth
1843,Stenson,Earth
1844,Stephend,Earth
1845,Stephendsey,Earth
1846,Stering,Europa
1847,Sterly,Europa
1848,Sterreray,Earth
1849,Stersetery,Europa
1850,Sterson,Earth
1851,Sterve,Europa
1852,Stewder,Europa
1853,Stie,Mars
1854,Stik,Mars
1855,Stike,Mars
1856,Stingive,Europa
1857,Stioutody,Europa
1858,Stité,Mars
1859,Stivelte,Europa
1860,Stiven,Europa
1861,Stiviorad,Europa
1862,Stment,Europa
1863,Stpie,Mars
1864,Stpingepid,Europa
1865,Strad,Mars
1866,Stradick,Europa
1867,Stranbeate,Europa
1868,Stre,Mars
1869,String,Europa
1870,Strongers,Earth
1871,Strony,Earth
1872,Stroyledgez,Earth
1873,Stubtlarle,Europa
1874,Sturt,Mars
1875,Sty,Mars
1876,Sté,
1877,Suarging,Europa
1878,Suasharic,Europa
1879,Subateful,Europa
1880,Subwor,Europa
1881,Sueke,Mars
1882,Sulie,Mars
1883,Sullones,Earth
1884,Summington,Earth
1885,Sune,Mars
1886,Sunlove,Europa
1887,Supiensive,Europa
1888,Supred,Europa
1889,Suptibler,Europa
1890,Suptive,Europa
1891,Surind,Europa
1892,Surry,Mars
1893,Susent,Europa
1894,Sutte,Mars
1895,Sutty,
1896,Swanardy,Earth
1897,Sweekstarks,Earth
1898,Sweene,Earth
1899,Sweenez,Earth
1900,Sweeton,Earth
1901,Sweett,Earth
1902,Swell,Mars
1903,Swin,Mars
1904,Swingse,Europa
1905,Swinvul,Europa
1906,Swirring,Europa
1907,Switmorary,Europa
1908,Switud,Europa
1909,Sykess,Earth
1910,Syncepul,Europa
1911,Sysilstict,Europa
1912,Tabloory,Europa
1913,Tachor,Europa
1914,Tairbatic,Europa
1915,Taketiatim,Europa
1916,Talls,Earth
1917,Taptiritty,Europa
1918,Tashal,Europa
1919,Teake,Mars
1920,Tepie,Mars
1921,Terry,Mars
1922,Tersimpson,Earth
1923,Tersony,Earth
1924,Tert,Mars
1925,Tertchty,Europa
1926,Terte,Mars
1927,Thomason,Earth
1928,Thony,Earth
1929,Thonyderson,Earth
1930,Thorney,Earth
1931,Ticagent,Europa
1932,Ticiay,Europa
1933,Ticiontral,Europa
1934,Tie,Mars
1935,Timleplet,Europa
1936,Tinganking,Europa
1937,Tionstious,Europa
1938,Tiouserful,Europa
1939,Tirt,Mars
1940,Tirte,Mars
1941,Tité,Mars
1942,Toddleton,Earth
1943,Torrez,Earth
1944,Tractive,Europa
1945,Trad,Mars
1946,Tradve,Europa
1947,Traie,Mars
1948,Traild,Europa
1949,Trallect,Europa
1950,Tramsor,Europa
1951,Tranciams,Earth
1952,Tranklinay,Earth
1953,Trankliney,Earth
1954,Trantermle,Europa
1955,Trattle,Europa
1956,Traverdy,Earth
1957,Tre,Mars
1958,Trerady,Earth
1959,Tronsive,Europa
1960,Trupistic,Europa
1961,Tuckers,Earth
1962,Unaasor,Europa
1963,Unaring,Europa
1964,Unative,Europa
1965,Uncionted,Europa
1966,Unconary,Europa
1967,Unfile,Europa
1968,Unhaftimle,Europa
1969,Unhearfus,Europa
1970,Uningably,Europa
1971,Unkcal,Europa
1972,Unkcatted,Europa
1973,Unkepery,Europa
1974,Unloweedic,Europa
1975,Unpasine,Europa
1976,Unprive,Europa
1977,Unreezy,Europa
1978,Unregul,Europa
1979,Unrent,Europa
1980,Unrespery,Europa
1981,Unressind,Europa
1982,Unretereng,Europa
1983,Unsible,Europa
1984,Unsive,Europa
1985,Unteckery,Europa
1986,Upead,Mars
1987,Urablele,Europa
1988,Vales,Earth
1989,Valexandez,Earth
1990,Valey,Earth
1991,Valezaley,Earth
1992,Valindle,Europa
1993,Valing,Europa
1994,Valousead,Europa
1995,Vandan,Earth
1996,Vandez,Earth
1997,Vanglis,Earth
1998,Vantonson,Earth
1999,Vaught,Earth
2000,Vendeck,Europa
2001,Venticable,Europa
2002,Veriedeezy,Europa
2003,Vertfull,Europa
2004,Vicke,Mars
2005,Villenson,Earth
2006,Vincenton,Earth
2007,Vines,Earth
2008,Vinozarks,Earth
2009,Vinston,Earth
2010,Vlake,Mars
2011,Vlart,Mars
2012,Vlate,Mars
2013,Vloaf,Mars
2014,Voliat,Europa
2015,Volloor,Europa
2016,Waderoachez,Earth
2017,Wagnerray,Earth
2018,Wala,Mars
2019,Walkerez,Earth
2020,Wallerson,Earth
2021,Walston,Earth
2022,Walterson,Earth
2023,Waltonnedy,Earth
2024,Waltonson,Earth
2025,Walé,Mars
2026,Wardendez,Earth
2027,Waring,Europa
2028,Warrishales,Earth
2029,Warrison,Earth
2030,Wartyson,Earth
2031,Wassird,Europa
2032,Wasterivel,Europa
2033,Wate,Mars
2034,Water,Earth
2035,Waterson,Earth
2036,Watie,Mars
2037,Watkinsley,Earth
2038,Watorivedy,Europa
2039,Watsongley,Earth
2040,Watte,Mars
2041,Watuald,Europa
2042,Weaverays,Earth
2043,Weaves,Earth
2044,Weavesend,Earth
2045,Weberton,Earth
2046,Weberts,Earth
2047,Webstenson,Earth
2048,Webstephrey,Earth
2049,Webstes,Earth
2050,Weeke,Mars
2051,Weissey,Earth
2052,Wellenez,Earth
2053,Welles,Earth
2054,Wellierras,Earth
2055,Welltonces,Earth
2056,Welte,Mars
2057,Welto,Mars
2058,Whealeed,Europa
2059,Wheededly,Europa
2060,Wheelez,Earth
2061,Whetedy,Europa
2062,Whibid,Europa
2063,Whifounrew,Europa
2064,Whitakers,Earth
2065,Whiters,Earth
2066,Whitersone,Earth
2067,Whitez,Earth
2068,Whitledges,Earth
2069,Whitneyes,Earth
2070,Wiggs,Earth
2071,Wiggson,Earth
2072,Wilderssen,Earth
2073,Wilkinner,Earth
2074,Willangsey,Earth
2075,Williotters,Earth
2076,Willy,Earth
2077,Willynnedy,Earth
2078,Wilsoney,Earth
2079,Win,Mars
2080,Wincer,Europa
2081,Windend,Europa
2082,Wingcoling,Europa
2083,Winie,Mars
2084,Winsley,Earth
2085,Wirdley,Europa
2086,Wirybody,Europa
2087,Wist,Mars
2088,Witalnerod,Europa
2089,Witeronfus,Europa
2090,Wolfaddox,Earth
2091,Wolferguson,Earth
2092,Wolfernan,Earth
2093,Wolferton,Earth
2094,Wolffy,Earth
2095,Wonglasquez,Earth
2096,Woodgezalez,Earth
2097,Woodwardy,Earth
2098,Woodwin,Earth
2099,Woodwinez,Earth
2100,Woodwinton,Earth
2101,Woody,Earth
2102,Wooes,Mars
2103,Wooterston,Earth
2104,Workmans,Earth
2105,Workmanson,Earth
2106,Wrempeedly,Europa
2107,Wriggins,Earth
2108,Wynneyerson,Earth
2109,Yanton,Earth
2110,Yatters,Earth
2111,Yorkland,Earth
2112,Youngrayes,Earth
