Surname,HomePlanet
Acobson,Earth
Acobsond,Earth
Adavisons,Earth
Adkinson,Earth
Admingried,Europa
Aginge,Europa
Ailled,Europa
Aillyber,Europa
Aiming,Europa
Ainatint,Europa
Ainserfle,Europa
Airdring,Europa
Aivering,Europa
Alaring,Europa
Alaxed,Europa
Alberts,Earth
Alcemblery,Europa
Alenat,Europa
Alenter,Europa
Alentonway,Earth
Alest,Earth
Alfordonard,Earth
Alindiveng,Europa
Alldson,Earth
Aloubtled,Europa
Alshipson,Earth
Alvasquez,Earth
Alvercal,Europa
Alvesssidy,Europa
Ambleetive,Europa
Ambleeve,Europa
Amblereld,Europa
Ametic,Europa
Amincrerus,Europa
Amonsmane,Europa
Amoutake,Europa
Amsive,
Amspring,Europa
Anake,Mars
Anche,Mars
Ancontaked,Europa
Ancy,Mars
Andackson,Earth
Anderking,Europa
Andley,Earth
Ane,Mars
Aneetle,Europa
Anindery,Europa
Anpie,Mars
Antcal,Europa
Anthompson,Earth
Anthon,Earth
Antoshipson,Earth
Apeau,Mars
Apedishaft,Europa
Apenelexy,Europa
Apie,Mars
Apple,Mars
Arible,Europa
Armstromez,Earth
Arner,Earth
Arneras,Earth
Aroodint,Europa
Arterate,Europa
Ashipeck,Earth
Ashipson,Earth
Asivetfuel,Europa
Asolipery,Europa
Asoppor,Europa
Assibler,Europa
Asticit,Europa
Atkinney,Earth
Ausivetpul,Europa
Avidson,Earth
Avisley,Earth
Avisnydes,Earth
Axlentindy,Europa
Ayalazquez,Earth
Babre,Mars
Bache,Mars
Baciffhaut,Europa
Bacistion,Europa
Backe,Mars
Bagetvable,Europa
Bagint,Europa
Bailes,Earth
Bairdford,Earth
Bairdyork,Earth
Bake,Mars
Bakericks,Earth
Bakerrison,Earth
Bakerson,Earth
Baketton,Earth
Baldens,Earth
Balderts,Earth
Baldson,Earth
Baleful,Europa
Balightal,Europa
Ballexy,Europa
Balley,Earth
Ballocks,Earth
Ban,Mars
Bancy,Mars
Bane,Mars
Bara,Mars
Barberts,Earth
Barbes,Earth
Bardina,Earth
Bardinard,Earth
Bardsey,Earth
Bardson,Earth
Barkeretton,Earth
Barks,Earth
Barles,Earth
Barmant,Europa
Barne,Mars
Barnolaney,Earth
Barnoldeney,Earth
Barnolderg,Earth
Barrelliver,Earth
Barrilloney,Earth
Barris,Earth
Barrison,Earth
Bart,Mars
Barte,Mars
Bartez,Earth
Bartines,Earth
Bartins,Earth
Bate,Mars
Batestonley,Earth
Batte,Mars
Batthewitt,Earth
Bau,Mars
Baxters,Earth
Baxterson,Earth
Beachez,Earth
Beake,Mars
Bealvewd,Europa
Beangley,Earth
Bears,Earth
Beasleyes,Earth
Beckeetter,Earth
Beckeey,Earth
Beckerson,Earth
Bedectical,Europa
Beling,Europa
Bellarkerd,Earth
Belley,Earth
Bellyonsley,Earth
Belstrut,Europa
Benderez,Earth
Benney,Earth
Bensley,Earth
Berges,Earth
Berle,Mars
Berreranks,Earth
Bert,Mars
Berte,Mars
Bertiz,Earth
Bertsontry,Earth
Beston,Earth
Betie,Mars
Bewarsecal,Europa
Biba,Mars
Bine,Mars
Binie,Mars
Birds,Earth
Birt,Mars
Birte,Mars
Bla,Mars
Blace,Earth
Blacks,Earth
Blainson,Earth
Blake,Mars
Blan,Mars
Blancoy,Earth
Blandez,Earth
Blane,Mars
Blange,Earth
Blangibson,Earth
Blanglison,Earth
Blanspe,Europa
Blate,Mars
Ble,Mars
Blees,Mars
Bleling,Europa
Blentrary,Europa
Blie,Mars
Blité,Mars
Boderbint,Europa
Boltertley,Earth
Boltond,Earth
Boltund,Europa
Bonder,Earth
Bonnondry,Earth
Bookerson,Earth
Bookson,Earth
Bookst,Earth
Booneid,Earth
Booness,Earth
Booters,Earth
Bootez,Earth
Bootious,Europa
Bootty,Europa
Bost,Mars
Boste,Mars
Bota,Mars
Botie,Mars
Botte,Mars
Bowenasey,Earth
Bowerson,Earth
Boyers,Earth
Boyerson,Earth
Boyersons,Earth
Boyst,Mars
Bra,Mars
Bradamss,Earth
Bradiary,Europa
Bradissive,Europa
Bradlerson,Earth
Brailidy,Europa
Brakebarne,Europa
Brakeded,Europa
Brakeng,Europa
Brakepined,Europa
Brakeril,Europa
Braned,Europa
Brantcable,Europa
Brantuarez,Earth
Brathful,Europa
Braymon,Earth
Brazo,Mars
Bre,Mars
Breke,Mars
Brele,Mars
Brenney,Earth
Brensonsen,Earth
Brie,Mars
Briggins,Earth
Briggston,Earth
Brightez,Earth
Brighttt,Earth
Brin,Mars
Brine,Mars
Briouse,Europa
Brity,Mars
Brooke,Earth
Brookenson,Earth
Brooker,Earth
Brookes,Earth
Browlerson,Earth
Brownings,Earth
Brownson,Earth
Brugashed,Europa
Bruthydre,Europa
Bryangton,Earth
Bryants,Earth
Buchansen,Earth
Buche,Mars
Buckeelez,Earth
Buckeenez,Earth
Buckentry,Earth
Bucklandez,Earth
Buckleinson,Earth
Bucknersony,Earth
Buckson,Earth
Bullerson,Earth
Bulliamoses,Earth
Bullisey,Earth
Bun,Mars
Buncy,Mars
Burcaling,Europa
Burchanez,Earth
Burchard,Earth
Burchrison,Earth
Burie,Mars
Burker,Earth
Burksson,Earth
Burle,Mars
Burnerez,Earth
Burnewman,Earth
Burraymons,Earth
Burrilllins,Earth
Burry,Mars
Burryerson,Earth
Burta,Mars
Burte,Mars
Burtiz,Earth
Bush,Mars
Bushafford,Earth
Bushallert,Earth
Bushins,Earth
Busive,Europa
Buth,Mars
Butte,Mars
Butty,Mars
Byerry,Earth
Byerson,Earth
Byerton,Earth
Cabrewsond,Earth
Caineson,Earth
Cainghannon,Earth
Cake,Mars
Cakie,Mars
Cako,Mars
Calazy,Europa
Calhounez,Earth
Calian,Europa
Caljoiry,Europa
Callower,Europa
Callowery,Earth
Caltilter,Europa
Calved,Europa
Camerrison,Earth
Cames,Earth
Campson,Earth
Can,Mars
Canie,Mars
Canields,Earth
Canton,Earth
Capplid,Europa
Cardner,Earth
Cardners,Earth
Cardsay,Earth
Carezquez,Earth
Carlsonney,Earth
Carpennels,Earth
Carpentley,Earth
Carreralend,Earth
Carrishley,Earth
Carsoning,Earth
Cart,Mars
Carterson,Earth
Cartez,Earth
Cartiz,Earth
Cartyernan,Earth
Cartz,Earth
Carté,Mars
Carverson,Earth
Carvis,Earth
Casentry,Earth
Casez,Earth
Casonston,Earth
Cassiding,Europa
Castannison,Earth
Castery,Europa
Castron,Earth
Casty,Mars
Cathome,Europa
Cattle,Europa
Cattyried,Europa
Cha,Mars
Chaellerty,Earth
Chake,Mars
Chanan,Earth
Chanash,Earth
Chapmaney,Earth
Chardsonnon,Earth
Chardsons,Earth
Chardst,Earth
Charpelaney,Earth
Charryerry,Earth
Chasey,Earth
Chate,Mars
Chavezalez,Earth
Chcak,Mars
Che,Mars
Cheen,Mars
Chenson,Earth
Ches,Mars
Chhaft,Europa
Chica,Mars
Chiff,Mars
Chité,Mars
Chmad,Mars
Chman,Mars
Chnik,Mars
Chocaters,Europa
Chort,Mars
Chpeng,Europa
Chpie,Mars
Chrie,Mars
Chroeders,Earth
Chsere,Europa
Chuble,Europa
Cientteng,Europa
Ciplanke,Europa
Cisorter,Europa
Cla,Mars
Clake,Mars
Clarty,Europa
Clayson,Earth
Cle,Mars
Cleachrand,Earth
Clean,Earth
Cleang,Earth
Cleman,Earth
Cleminglas,Earth
Clemondsey,Earth
Clinantones,Earth
Clinarfork,Europa
Clindy,Europa
Clugeadry,Europa
Clugeammy,Europa
Clugete,Europa
Clughted,Europa
Cluitty,
Clumshangs,Europa
Clumsty,Europa
Clunic,Europa
Clutcheed,Europa
Clutchor,Europa
Cluted,Europa
Cluthosexy,Europa
Clutolded,Europa
Coarswing,Europa
Cobson,Earth
Cochrisons,Earth
Cofferson,Earth
Coffmaney,Earth
Coflé,Mars
Cohendright,Earth
Coictrazy,Europa
Cola,Mars
Colensid,Europa
Coley,Earth
Coleyanglas,Earth
Colle,Mars
Colleruces,Earth
Collinson,Earth
Colomonson,Earth
Colte,Mars
Combson,Earth
Comessic,Europa
Conable,Europa
Conachets,Europa
Conaly,Europa
Conamminal,Europa
Conate,Europa
Conca,Mars
Concy,Mars
Cone,Mars
Conie,Mars
Coning,Europa
Coniple,Europa
Conleydenan,Earth
Connelson,Earth
Conney,Earth
Connon,Earth
Contery,Europa
Contrevins,Earth
Cookentaney,Earth
Cooki,Mars
Cooks,Earth
Cookson,Earth
Coolerson,Earth
Coolez,Earth
Coopelandez,Earth
Cooperkins,Earth
Coopezmaney,Earth
Corie,Mars
Corman,Earth
Cort,Mars
Corte,Mars
Cotik,Mars
Cotte,Mars
Coudered,Europa
Coune,Mars
Couresteer,Europa
Couseced,Europa
Cousel,Europa
Covale,Europa
Covetive,Europa
Coweboded,Europa
Cowsearney,Europa
Cowtale,Europa
Coxterez,Earth
Cracionfic,Europa
Craftstens,Earth
Craing,Europa
Crakenecal,Europa
Crakete,Europa
Craleve,
Cralinal,Europa
Crantiale,Europa
Cratrave,Europa
Crayeson,Earth
Cre,Mars
Cread,Mars
Creke,Mars
Crelaxle,Europa
Cres,Mars
Crie,Mars
Crioncery,Europa
Crité,Mars
Crosarios,Earth
Crosbornes,Earth
Crueld,Europa
Cruzaley,Earth
Cry,Mars
Cuche,Mars
Cumpting,Europa
Cuplial,Europa
Cure,Mars
Curie,Mars
Curle,Mars
Currisones,Earth
Curry,Mars
Curte,Mars
Curton,Earth
Cusa,Mars
Cylistrand,Europa
Dake,Mars
Dal,Mars
Dan,Mars
Danad,Mars
Danielps,Earth
Date,Mars
Datie,Mars
Dato,Mars
Datte,Mars
Datty,Mars
Daughessey,Earth
Daughtson,Earth
Daughttley,Earth
Davens,Earth
Daviddley,Earth
Davispinoz,Earth
Dawsoncis,Earth
Dayers,Earth
Deckerson,Earth
Deckley,Earth
Dectory,Europa
Dedentive,Europa
Dedometeel,Europa
Deeke,Mars
Delangleton,Earth
Delazarson,Earth
Delez,Earth
Demansty,Europa
Denashipson,Earth
Depie,Mars
Derry,Mars
Derte,Mars
Dertering,Europa
Derterval,Europa
Dervalt,Europa
Deva,Mars
Diabysid,Europa
Dianket,Europa
Diateous,Europa
Diazarez,Earth
Dicely,Europa
Dickley,Earth
Dickman,Earth
Dicksons,Earth
Dicomeng,Europa
Dightent,Europa
Dillestron,Earth
Dillines,Earth
Dillips,Earth
Dindeng,Europa
Dingauge,Europa
Dinger,Europa
Dinsprody,Europa
Diouselt,Europa
Dischod,Europa
Discuous,Europa
Disgul,Europa
Dishearly,Europa
Disheract,Europa
Dishocatal,Europa
Disight,Europa
Disivering,Europa
Dissper,Europa
Dister,Europa
Distured,Europa
Dombsoney,Earth
Domington,Earth
Dompreced,Europa
Donotaked,Europa
Donson,Earth
Doorge,Europa
Dorsenry,Earth
Dotsondez,Earth
Doughan,Earth
Douglasen,Earth
Drakeekss,Earth
Dratembid,Europa
Drayfulery,Europa
Dreamspric,Europa
Drelcate,Europa
Dressink,Europa
Drivery,Europa
Droning,Europa
Duckil,Europa
Duffmaney,Earth
Dukertyler,Earth
Dun,Mars
Dunnisey,Earth
Duranks,Earth
Dutte,Mars
Dutty,Mars
Dyers,Earth
Dynatic,Europa
Dynigic,Europa
Earmeter,Europa
Ecart,Mars
Ecate,Mars
Eccle,Mars
Ecre,Mars
Edwartizman,Earth
Efulows,Europa
Eguing,Europa
Ellahan,Earth
Ellcefulve,Europa
Ellson,Earth
Embleng,Europa
Emead,Mars
Emenez,Earth
Emetillove,Europa
Emone,Mars
Emoted,Europa
Empie,Mars
Englas,Earth
Englence,Earth
Ennalve,Europa
Entedraved,Europa
Entenedy,Europa
Entratable,Europa
Erflé,Mars
Ericksonga,Earth
Erle,Mars
Erpie,Mars
Erry,Mars
Erte,Mars
Esseal,Europa
Estein,Earth
Estiagosen,Earth
Estron,Earth
Evedorsen,Earth
Ewins,Earth
Ewisentley,Earth
Ewiseston,Earth
Excialing,Europa
Exhaft,Europa
Exhaftearm,Europa
Exible,Europa
Exibuctich,Europa
Exnutch,Europa
Fache,Mars
Facke,Mars
Facle,Mars
Fairdised,Europa
Fanbox,Europa
Fanchy,Europa
Fandomatty,Europa
Fanseld,Europa
Fansty,Europa
Farleyatton,Earth
Farmonrada,Earth
Farrez,Earth
Farrowns,Earth
Fatchanble,Europa
Fate,Mars
Fatte,Mars
Fatted,Europa
Fawnsive,Europa
Femoused,Europa
Fictful,Europa
Fielsenders,Earth
Fielson,Earth
Figuez,Earth
Fiha,Mars
Filerst,Europa
Fincy,Mars
Fine,Mars
Fisheparks,Earth
Fisherry,Earth
Fishopper,Earth
Fisty,Mars
Fisun,Mars
Fitzgerson,Earth
Fla,Mars
Flaie,Mars
Flate,Mars
Flatic,Europa
Fle,Mars
Flell,Mars
Flemaney,Earth
Fles,Mars
Flesping,Europa
Fliblerolt,Europa
Flie,Mars
Flité,Mars
Floaf,Mars
Floways,Earth
Flowensley,Earth
Floydendley,Earth
Flyncharlan,Earth
Flynner,Earth
Flynney,Earth
Flynnis,Earth
Flé,Mars
Foledges,Earth
Folemonley,Earth
Folhal,Europa
Folkshbox,Europa
Foller,Europa
Folumorly,Europa
Fone,Mars
Fonie,Mars
Foraud,Europa
Fordulgaug,Europa
Forne,Mars
Forous,Europa
Fouseding,Europa
Fowlaney,Earth
Fowles,Earth
Fowlesterez,Earth
Foxter,Earth
Frablerly,Europa
Frakepeed,Europa
Fralledic,Europa
Franankson,Earth
Franchaney,Earth
Francock,Earth
Frandriquez,Earth
Franey,Earth
Franton,Earth
Frasp,Mars
Frattyring,Europa
Frazie,Earth
Frazo,Mars
Freder,Earth
Frederry,Earth
Fredersend,Earth
Freednal,Europa
Freevenson,Earth
Freptic,Europa
Frie,Mars
Fringearty,Europa
Fringh,Europa
Frintful,Europa
Frité,Mars
Frogauded,Europa
Frolestty,Europa
Fruidy,Europa
Fryan,Earth
Fryersonis,Earth
Fryes,Earth
Fuelddid,Europa
Fuelightic,Europa
Fueling,Europa
Fuelisent,Europa
Fuenterson,Earth
Fuenton,
Fuentryoung,Earth
Fulacid,Europa
Fulatorly,Europa
Fuleng,Europa
Fullided,Europa
Fullous,Europa
Fulloydez,Earth
Fultz,Earth
Fushausive,Europa
Fusimodent,Europa
Gainebergan,Earth
Gaineyerson,Earth
Gaington,Earth
Gainney,Earth
Gallandez,Earth
Gallard,Earth
Gallencis,Earth
Gallenry,Earth
Gamberson,Earth
Gambs,Earth
Garden,Earth
Gardonadox,Earth
Gardsondez,Earth
Garnes,Earth
Garnettiz,Earth
Garrincent,Earth
Garzaley,Earth
Geadle,Europa
Geakerat,Europa
Gealably,Europa
Gealloyalt,Europa
Gealter,Europa
Gearitte,Europa
Geatenth,Europa
Gele,Mars
Gelie,Mars
Gelle,Mars
Gelte,Mars
Gemoserad,Europa
Gency,Mars
Gene,Mars
Geneltic,Europa
Gentledges,Earth
Genuild,Europa
Geoconne,Europa
Georgasey,Earth
Geousker,Europa
Geousty,Europa
Gepie,Mars
Geraing,Europa
Gerin,Mars
Gerry,Mars
Giba,Mars
Gibbsonton,Earth
Gilesonston,Earth
Giller,Earth
Gilleranks,Earth
Gilleyons,Earth
Gillock,Earth
Gin,Mars
Gine,Mars
Gleroling,Europa
Glisormal,Europa
Glogry,Europa
Gloother,Europa
Gloyanthy,Europa
Gocent,Europa
Goffey,Earth
Goldendrice,Earth
Gonzaley,Earth
Goodson,Earth
Goody,Earth
Gooki,Mars
Goortedant,Europa
Gordanieves,Earth
Gordond,Earth
Gouldensen,Earth
Graciansus,Europa
Grahangory,Earth
Graie,Mars
Graneyes,Earth
Gre,Mars
Gread,Mars
Grean,Mars
Greded,Europa
Greenez,Earth
Greeves,Earth
Gregordy,Earth
Grentual,Europa
Griffince,Earth
Grifford,Earth
Griffy,Earth
Groforacid,Europa
Guerson,Earth
Guezaley,Earth
Guieroolow,Europa
Gulcepusy,Europa
Guloofant,Europa
Gulthler,Europa
Hac,Mars
Hacle,Mars
Haftical,Europa
Hahnstoneal,Earth
Hahnstonsen,Earth
Hake,Mars
Hales,Earth
Hallahaney,Earth
Hamberterry,Earth
Hamcmahon,Earth
Hammons,Earth
Hammonton,Earth
Handertiz,Earth
Hanghanson,Earth
Hanner,Earth
Hapie,Mars
Hardley,Earth
Hardonald,Earth
Hardson,Earth
Hardsonerry,Earth
Hariourcal,Europa
Harley,Earth
Harmond,Earth
Harmontry,Earth
Harperez,Earth
Harrenoldez,Earth
Harry,Earth
Hart,Mars
Harta,Mars
Harte,Mars
Hartz,Earth
Harverez,Earth
Haste,Mars
Haydenez,Earth
Haydenzier,Earth
Hayder,Earth
Hayersents,Earth
Hayerson,Earth
Hayertez,Earth
Haynard,Earth
Haynardy,Earth
Headardyer,Earth
Headfair,Europa
Headmish,Europa
Healist,Europa
Healted,Europa
Heateele,Europa
Hebernandry,Earth
Hednigic,Europa
Heedry,Europa
Heermy,Europa
Heeroling,Europa
Hendrewsons,Earth
Hendrys,Earth
Heney,Earth
Hermanapp,Earth
Hermane,Earth
Herpumble,Europa
Herreras,Earth
Herry,Earth
Hersons,Earth
Hervel,Europa
Hessey,Earth
Hestes,Earth
Hetforhaft,Europa
Hewson,Earth
Hickerson,Earth
Hickett,Earth
Hickley,Earth
Hickson,Earth
Hiebox,Europa
Higast,Europa
Hinesh,Earth
Hinetthews,Earth
Hineyley,Earth
Hinglendez,Earth
Hobbinson,Earth
Hodes,Earth
Hodgesss,Earth
Hoffergess,Earth
Holatirint,Europa
Holcompson,Earth
Holcompton,
Holiabler,Europa
Holliams,Earth
Holsen,Earth
Holson,Earth
Holton,Earth
Hometerval,Europa
Homin,Mars
Honatte,Europa
Honchoe,Europa
Hontichre,Europa
Hoodgers,Earth
Hoodjuded,Europa
Hooff,Mars
Hooperez,Earth
Hoopez,Earth
Hoorbaring,Europa
Hoorherve,Europa
Hopez,Earth
Hopperett,Earth
Hoppernardy,Earth
Hoppers,Earth
Horbox,Europa
Horndley,Earth
Horners,Earth
Hornettoney,Earth
Horte,Mars
Hortez,Earth
Horthy,Earth
Hortis,Earth
Hotte,Mars
Hotty,Mars
Houseson,Earth
Howayery,Earth
Howenters,Earth
Hubbarnett,Earth
Hubbarrison,Earth
Hubbarton,Earth
Hubert,Earth
Huffy,Earth
Hughriend,Earth
Hultz,Earth
Humphreyes,Earth
Hunterton,Earth
Huntt,Earth
Hurchanney,Earth
Hurchez,Earth
Hurchrisong,Earth
Hurles,Earth
Hutchinton,Earth
Ica,Mars
Icablebat,Europa
Icake,Mars
Iccle,Mars
Idercaling,Europa
Iderinelay,Europa
Idivent,Europa
Idlatchse,Europa
Ightive,Europa
Igmable,Europa
Imingle,Europa
Imotive,Europa
Imparmle,Europa
Imprank,Europa
Impress,Europa
Improus,Europa
Inderad,Europa
Inderly,Europa
Ineded,Europa
Ineedeve,Europa
Inesely,Europa
Ineysive,Europa
Ingascomet,Europa
Ingent,Europa
Ingetrody,Europa
Inghtal,Europa
Inghting,Europa
Ingston,Earth
Ington,Earth
Inguel,Europa
Ingwhed,Europa
Inicont,Europa
Iniouser,Europa
Invebodene,Europa
Irintious,Europa
Irived,Europa
Irwines,Earth
Jacobbinson,Earth
Jacostaffey,Earth
Jacostaney,Earth
Jacostanley,Earth
Jacostarks,Earth
Jaf,Mars
Jaff,Mars
Jaflé,Mars
Jamad,Mars
Jamai,Mars
Jarvey,Earth
Jeffey,Earth
Jenkinnedy,Earth
Jenningley,Earth
Jenson,Earth
Jimes,Earth
Johnsby,Earth
Johnshines,Earth
Johnsondez,Earth
Jorden,Earth
Josesh,Earth
Josey,Earth
Joycerton,Earth
Joyneidez,Earth
Joynewtonks,Earth
Juartis,Earth
Kad,Mars
Kaney,Earth
Kart,Mars
Karte,Mars
Kashe,Mars
Katte,Mars
Kaufmaneyes,Earth
Keen,
Keithunts,Earth
Kellson,Earth
Kellynn,Earth
Kellyons,Earth
Kennetty,Earth
Kenzierry,Earth
Kepie,Mars
Kerrealds,Earth
Kerristicey,Earth
Kha,Mars
Khaf,Mars
Khake,Mars
Khart,Mars
Kiddley,Earth
Kidie,Mars
Kidne,Mars
Kie,Mars
Kiling,Europa
Kill,Mars
Killé,Mars
Kimons,Earth
Kimpson,Earth
Kin,Mars
Kinad,Mars
Kine,Mars
Kinson,Earth
Kirklander,Earth
Kirks,Earth
Kité,Mars
Klindsayer,Earth
Klindsey,Earth
Klinson,Earth
Knie,Mars
Knik,Mars
Knike,Mars
Knité,Mars
Kniva,Mars
Knocke,Europa
Knoxonway,Earth
Knoxtones,Earth
Kochroeders,Earth
Kra,Mars
Kraie,Mars
Krake,Mars
Kramorry,Earth
Kramosley,Earth
Krampbelles,Earth
Kuche,Mars
Laai,Mars
Lacke,Mars
Lake,Mars
Lamberguson,Earth
Lambles,Earth
Lambleyoun,Earth
Lambucketty,Earth
Lancis,Earth
Lancock,Earth
Landolphrey,Earth
Langatein,Earth
Lanks,Earth
Lansuffle,Europa
Lapie,Mars
Lardsonald,Earth
Lardy,Earth
Larks,Earth
Larlowelley,Earth
Late,Mars
Laturive,Europa
Leblanchez,Earth
Leetersoney,Earth
Leeves,Earth
Lendly,Europa
Leodger,Earth
Leonadorsen,Earth
Leonaldez,Earth
Leonzaley,Earth
Lepie,Mars
Lerez,Earth
Leson,Earth
Lessonerry,Earth
Leste,Mars
Letie,Mars
Leton,Earth
Lette,Mars
Letty,Mars
Lewinez,Earth
Lewinton,Earth
Lewintos,Earth
Lisholtery,Europa
Listive,Europa
Litthews,Earth
Llobsoney,Earth
Llonovancis,Earth
Llovers,Earth
Logannon,Earth
Lopelases,Earth
Loring,Europa
Loverceson,Earth
Loverthyo,Earth
Loway,Earth
Lowelliott,Earth
Lowerrudy,Europa
Lunapperts,Earth
Lynnerett,Earth
Macdonadows,Earth
Mad,Mars
Madan,Mars
Make,Mars
Maldon,Earth
Mallerez,Earth
Malliamsey,Earth
Mallisly,Europa
Man,Mars
Manda,Mars
Mander,Europa
Mandez,Earth
Mane,Mars
Manie,Mars
Mare,Mars
Marshopper,Earth
Marson,Earth
Masquez,Earth
Mathison,Earth
Matimple,Europa
Matoltuble,Europa
Matts,Earth
Maxled,Europa
Mayder,Earth
Maynardner,Earth
Mayods,Earth
Mayson,Earth
Maystuarey,Earth
Mcbriddley,Earth
Mcbriggins,Earth
Mcbriguez,Earth
Mcbritts,Earth
Mccard,Earth
Mccarry,Earth
Mccarveymon,Earth
Mcclayton,Earth
Mcculley,Earth
Mcdanield,Earth
Mcdowns,Earth
Mcfaddennon,Earth
Mcfaddenson,Earth
Mcfaddoxter,Earth
Mcfarley,Earth
Mcfarleys,Earth
Mcfarmerson,Earth
Mcgoway,Earth
Mcgowaymond,Earth
Mcguirez,Earth
Mcinton,Earth
Mcintons,Earth
Mckinn,Earth
Mckins,Earth
Mckinsond,Earth
Mclainez,Earth
Mclardson,Earth
Mclarseney,Earth
Mcleandez,Earth
Mcleaney,Earth
Mcmahoney,Earth
Mcneiderson,Earth
Mcneiley,Earth
Mcphernard,Earth
Meadoney,Earth
Meake,Mars
Meate,Mars
Meau,Mars
Medington,Earth
Mejiaddox,Earth
Mejiamsey,Earth
Mejiarkerox,Earth
Mele,Mars
Meleon,Earth
Melez,Earth
Melie,Mars
Melte,Mars
Melto,Mars
Meltoney,Earth
Meltonway,Earth
Ments,Earth
Mepie,Mars
Merce,Earth
Merie,Mars
Merkins,Earth
Meroliss,Europa
Merrelliss,Earth
Merte,Mars
Mesty,Mars
Meteet,Europa
Metiveal,Europa
Meyersones,Earth
Meyerthy,Earth
Mickersones,Earth
Micknightt,Earth
Midtt,Earth
Mille,Mars
Milton,Earth
Miltongson,Earth
Min,Mars
Minen,Mars
Mingious,Europa
Miranciash,Earth
Mirandry,Earth
Mirez,Earth
Mirezavis,Earth
Mirinanty,Europa
Mish,Mars
Missefle,Europa
Miste,Mars
Mith,Mars
Mitte,Mars
Mity,Mars
Modent,Europa
Modomel,Europa
Mondalley,Earth
Mondsey,Earth
Mone,Mars
Monfulewss,Europa
Monie,Mars
Monpreery,Europa
Monroellynn,Earth
Monsoney,Earth
Moodman,Earth
Moodmandez,Earth
Moodsey,Earth
Moodson,Earth
Moongton,Earth
Moorez,Earth
Moraleney,Earth
Morandry,Earth
Moranthons,Earth
Morelly,Earth
Moreman,Earth
Morez,Earth
Morgerson,Earth
Mormonized,Europa
Mornaned,Europa
Morrencis,Earth
Morrodgers,Earth
Morrows,Earth
Morsentley,Earth
Mosepherry,Earth
Mostedry,Europa
Mosteraked,Europa
Motive,Europa
Motled,Europa
Motter,Europa
Mullericer,Earth
Mulley,Earth
Mullon,Earth
Munozaley,Earth
Munozanson,Earth
Mushe,Mars
Muspereed,
Must,Mars
Muste,Mars
Myling,Europa
Nache,Mars
Nacke,Mars
Nad,Mars
Nairconed,Europa
Nake,Mars
Nalanet,Europa
Namsheary,Europa
Nan,Mars
Nane,Mars
Nanie,Mars
Nasquez,Earth
Nate,Mars
Nateansive,Europa
Navages,Earth
Neceriont,Europa
Netshaless,Europa
Newtontoss,Earth
Nguerrettye,Earth
Nichaner,Earth
Nichoan,Earth
Nieldson,Earth
Nieldsond,Earth
Nifficaus,Europa
Nobleyes,Earth
Noelan,Earth
Noeley,Earth
Nolds,Earth
Norrison,Earth
Norry,Earth
Noxiong,Europa
Noxnuther,Europa
Nutca,Mars
Nuthe,Mars
Nutte,Mars
Nutty,Mars
Obeaded,Europa
Obedaming,Europa
Objeciane,Europa
Obnoble,Europa
Obnoftle,Europa
Obsentork,Europa
Ocherman,Earth
Oconley,Earth
Oderient,Europa
Officled,Europa
Ofracculy,Europa
Oidederval,Europa
Oillepint,Europa
Oillicaly,Europa
Oilloody,Europa
Oilpfulle,Europa
Oilpuring,Europa
Oinded,Europa
Oingwhedly,Europa
Oirmplathy,Europa
Olivasquez,Earth
Olshaffey,Earth
Onbre,Mars
Oncy,Mars
One,Mars
Oneidson,Earth
Oneiles,Earth
Onpie,Mars
Openduave,Europa
Opie,Mars
Opité,Mars
Oppont,Europa
Oppressive,Europa
Opshaft,Europa
Opshoent,Europa
Opshosent,Europa
Optionful,Europa
Ortinericey,Earth
Ourcul,Europa
Ousious,Europa
Owerson,Earth
Owery,Earth
Pabler,Europa
Pacerty,Earth
Pacticious,Europa
Pagedy,Earth
Pager,Earth
Paie,Mars
Palmes,Earth
Pamca,Mars
Panad,Mars
Pane,Mars
Panie,Mars
Panspic,Europa
Parbage,Europa
Parbleake,Europa
Pare,Mars
Parklaney,Earth
Parrett,Earth
Parsoney,Earth
Part,Mars
Parta,Mars
Parte,Mars
Parté,Mars
Parymider,Europa
Pasharne,Europa
Pashe,Mars
Paska,Mars
Paste,Mars
Paterpad,Europa
Patimonne,Europa
Patoetic,Europa
Patrichane,Earth
Patteraley,Earth
Patthews,Earth
Paulllegory,Earth
Paynard,Earth
Pead,Mars
Peake,Mars
Peane,Mars
Pearsalason,Earth
Peate,Mars
Peckers,Earth
Peckerson,Earth
Pecketton,Earth
Pelie,Mars
Pelte,Mars
Pentical,Europa
Pentss,Earth
Pepie,Mars
Perable,Europa
Perie,Mars
Perkings,Earth
Perkinson,Earth
Perle,Mars
Pernard,Earth
Perneernal,Europa
Pernised,Europa
Perrerojass,Earth
Persed,Europa
Persoffly,Europa
Pert,Mars
Perta,Mars
Perte,Mars
Perty,Mars
Peter,Earth
Petermandez,Earth
Peterstarks,Earth
Petie,Mars
Pette,Mars
Petton,Earth
Pettyreeman,Earth
Philliames,Earth
Phillis,Earth
Philloway,Earth
Pickleve,Europa
Pie,Mars
Pien,Mars
Pierry,Earth
Pimne,Mars
Pine,Mars
Pinoffent,Europa
Pippoppere,Europa
Pirejus,Europa
Pittler,Earth
Pittson,Earth
Pité,Mars
Plaricit,Europa
Platch,Europa
Plattering,Europa
Ple,Mars
Pleele,Europa
Plegred,Europa
Poicaptic,Europa
Poille,Europa
Pokebox,Europa
Pokeck,Europa
Pokerheed,Europa
Poless,Europa
Polksy,Europa
Pollarkeeks,Earth
Polliamposs,Earth
Polloantes,Earth
Pooles,Earth
Pooley,Earth
Popelacruz,Earth
Popelase,Earth
Popelazquez,Earth
Poperez,Earth
Popez,Earth
Porki,Mars
Porkilte,Europa
Port,Mars
Portananney,Earth
Porté,Mars
Poselfle,Europa
Pota,Mars
Potie,Mars
Potte,Mars
Potterry,Earth
Potters,Earth
Potthews,Earth
Pottley,Earth
Pottmanley,Earth
Pottney,Earth
Pottonalden,Earth
Poustive,Europa
Powenoble,Earth
Powery,Earth
Praded,Europa
Praugnox,Europa
Pre,Mars
Pread,Mars
Prearright,Europa
Preeldy,Europa
Preent,Europa
Prefule,Europa
Pressive,Europa
Presstic,Europa
Prestonard,Earth
Pretive,Europa
Pri,Mars
Prickmantes,Earth
Prie,Mars
Prieress,Europa
Prighty,Europa
Prin,Mars
Prine,Mars
Pringrous,Europa
Pringry,Europa
Prinson,Earth
Prist,Mars
Prity,Mars
Prité,Mars
Prombled,Europa
Pronfraked,Europa
Proorbeng,Europa
Prucerod,Europa
Puckenton,Earth
Puckley,Earth
Puff,Mars
Pughanders,Earth
Pugherman,Earth
Pughlinsons,Earth
Pulgaly,Europa
Pumbody,Europa
Pumpeshaft,Europa
Pure,Mars
Purellliss,Europa
Purie,Mars
Purle,Mars
Purte,Mars
Pusive,Europa
Quart,Mars
Queen,Mars
Queke,Mars
Queldry,Europa
Quelfly,Europa
Quidedbolt,Europa
Quinnedy,Earth
Quinnerettt,Earth
Quinnerry,Earth
Quith,Mars
Raca,Mars
Racke,Mars
Radisiouss,Europa
Raf,Mars
Rake,Mars
Ramad,Mars
Rames,Earth
Ramoran,Earth
Ranaly,Europa
Raney,Earth
Rapie,Mars
Rasmussony,Earth
Raste,Mars
Rasty,Mars
Razo,Mars
Read,Mars
Reake,Mars
Reate,Mars
Reau,Mars
Redand,Europa
Reedall,Europa
Reeddommy,Europa
Reedectied,Europa
Reelest,Europa
Reenez,Earth
Reenon,Earth
Reewerpic,Europa
Regmansidy,Europa
Reilline,Earth
Reke,Mars
Rekle,Mars
Reming,Europa
Rentruing,Europa
Repie,Mars
Replic,Europa
Replipent,Europa
Repumparte,Europa
Resendent,Europa
Reshory,Europa
Ressighty,Europa
Ressing,Europa
Reste,Mars
Resty,Mars
Retefule,Europa
Rewmid,Europa
Reyersendry,Earth
Reyerson,Earth
Reyervaney,Earth
Reynoldez,Earth
Rhuba,Mars
Rices,Earth
Ricete,Europa
Ricews,Earth
Richan,Earth
Ricklaney,Earth
Ricks,Earth
Ricled,Europa
Rigginsen,Earth
Rigginson,Earth
Righturter,Europa
Rilley,Earth
Rimplighty,Europa
Rinicapead,Europa
Rivanseney,Earth
River,Earth
Roachez,Earth
Roachoanand,Earth
Robbson,Earth
Robersondez,Earth
Robins,Earth
Robley,Earth
Rochan,Earth
Rochaserry,Earth
Rocholton,Earth
Rocknight,Earth
Rodger,Earth
Rodricker,Earth
Rodwative,Europa
Roforhauge,Europa
Roftfuling,Europa
Romason,Earth
Romez,Earth
Ropie,Mars
Rosalanenn,Earth
Rosargas,Earth
Roses,Earth
Rossey,Earth
Rostarks,Earth
Rothewson,Earth
Rotter,Europa
Roustorly,Europa
Roycentes,Earth
Ruica,Mars
Ruity,Mars
Ruité,Mars
Rupent,Europa
Rushing,Earth
Rushorney,Earth
Russelloyd,Earth
Russon,Earth
Rutler,Earth
Ryanga,Earth
Ryanglasey,Earth
Sache,Mars
Sacle,Mars
Sacre,Mars
Sacy,Mars
Sad,Mars
Saf,Mars
Sageng,Europa
Sake,Mars
Saley,Earth
Salez,Earth
Salin,Earth
Sames,Mars
Sancasey,Earth
Sancockett,Earth
Sandry,Earth
Sandul,Europa
Santantines,Earth
Santin,Earth
Santry,Earth
Santuez,Earth
Sarios,Earth
Saste,Mars
Sau,Mars
Saundez,Earth
Savaraldez,Earth
Sawyerson,Earth
Scake,Mars
Scerodbox,Europa
Sche,Mars
Scheron,Earth
Schmondez,Earth
Schwardson,Earth
Sciatberit,Europa
Scotterkins,Earth
Scottney,Earth
Scottuez,Earth
Scoudelle,Europa
Sebleve,Europa
Secened,Europa
Sechausive,Europa
Seche,Mars
Secont,Europa
Seen,Mars
Seflock,Europa
Sellahaney,Earth
Sellentry,Earth
Semageary,Europa
Semootor,Europa
Sempreate,Europa
Sempribly,Europa
Sepie,Mars
Sernator,Europa
Serraynardy,Earth
Serry,Earth
Sersocatic,Europa
Ses,Mars
Sesa,Mars
Sextones,Earth
Sfin,Mars
Sha,Mars
Shake,Mars
Shawatson,Earth
Shawforden,Earth
Shbre,Mars
Shcad,Mars
She,Mars
Shephendery,Earth
Shephendry,Earth
Shermann,Earth
Shieldson,Earth
Shming,Europa
Shoeweely,Europa
Shpie,Mars
Shricatory,Europa
Shrie,Mars
Siccertful,Europa
Sidie,Mars
Sidne,Mars
Simmonders,Earth
Simonddler,Earth
Simonsents,Earth
Simonson,Earth
Simous,Europa
Simpsonks,Earth
Simsey,Earth
Simson,Earth
Simstravery,Earth
Sin,Mars
Sincy,Mars
Sinda,Mars
Sinecthex,Europa
Singlents,Earth
Singmage,Europa
Singtons,Earth
Sionerorly,Europa
Siveduced,Europa
Siviothy,Europa
Skenginne,Europa
Skessid,Europa
Slable,Europa
Slates,Earth
Slatessen,Earth
Slavested,Europa
Slomed,Europa
Sloweber,Europa
Smalloney,Earth
Smalls,Earth
Snoaf,Mars
Snoff,Mars
Snowaney,Earth
Sobvisted,Europa
Sofraten,Europa
Solinez,Earth
Solivers,Earth
Solon,Earth
Sometery,Europa
Sonofmory,Europa
Sopie,Mars
Sorbitter,Europa
Sorticbar,Europa
Sosalinson,Earth
Sosanturney,Earth
Sotond,Earth
Soun,Mars
Spadicage,Europa
Spandisket,Europa
Spane,Mars
Spanxibus,Europa
Sparsaxle,Europa
Spassive,Europa
Speating,Europa
Spedlinale,Europa
Spedlybood,Europa
Speedgear,Europa
Spencervan,Earth
Spentley,Earth
Sperap,Europa
Spien,Mars
Spirfuent,Europa
Spistory,Europa
Spoilling,Europa
Spopting,Europa
Spore,Mars
Sprender,Europa
Springht,Europa
Stacketent,Europa
Staf,Mars
Staffersby,Earth
Stake,Mars
Stanleyd,Earth
Stannondez,Earth
Stanters,Earth
Stantiagord,Earth
Starkers,Earth
Start,Mars
Statch,Europa
Stche,Mars
Ste,Mars
Stead,Mars
Steary,Europa
Steelerettt,Earth
Steeletters,Earth
Steinardson,Earth
Stenson,Earth
Stephend,Earth
Stephendsey,Earth
Stering,Europa
Sterly,Europa
Sterreray,Earth
Stersetery,Europa
Sterson,Earth
Sterve,Europa
Stewder,Europa
Stie,Mars
Stik,Mars
Stike,Mars
Stingive,Europa
Stioutody,Europa
Stité,Mars
Stivelte,Europa
Stiven,Europa
Stiviorad,Europa
Stment,Europa
Stpie,Mars
Stpingepid,Europa
Strad,Mars
Stradick,Europa
Stranbeate,Europa
Stre,Mars
String,Europa
Strongers,Earth
Strony,Earth
Stroyledgez,Earth
Stubtlarle,Europa
Sturt,Mars
Sty,Mars
Sté,
Suarging,Europa
Suasharic,Europa
Subateful,Europa
Subwor,Europa
Sueke,Mars
Sulie,Mars
Sullones,Earth
Summington,Earth
Sune,Mars
Sunlove,Europa
Supiensive,Europa
Supred,Europa
Suptibler,Europa
Suptive,Europa
Surind,Europa
Surry,Mars
Susent,Europa
Sutte,Mars
Sutty,
Swanardy,Earth
Sweekstarks,Earth
Sweene,Earth
Sweenez,Earth
Sweeton,Earth
Sweett,Earth
Swell,Mars
Swin,Mars
Swingse,Europa
Swinvul,Europa
Swirring,Europa
Switmorary,Europa
Switud,Europa
Sykess,Earth
Syncepul,Europa
Sysilstict,Europa
Tabloory,Europa
Tachor,Europa
Tairbatic,Europa
Taketiatim,Europa
Talls,Earth
Taptiritty,Europa
Tashal,Europa
Teake,Mars
Tepie,Mars
Terry,Mars
Tersimpson,Earth
Tersony,Earth
Tert,Mars
Tertchty,Europa
Terte,Mars
Thomason,Earth
Thony,Earth
Thonyderson,Earth
Thorney,Earth
Ticagent,Europa
Ticiay,Europa
Ticiontral,Europa
Tie,Mars
Timleplet,Europa
Tinganking,Europa
Tionstious,Europa
Tiouserful,Europa
Tirt,Mars
Tirte,Mars
Tité,Mars
Toddleton,Earth
Torrez,Earth
Tractive,Europa
Trad,Mars
Tradve,Europa
Traie,Mars
Traild,Europa
Trallect,Europa
Tramsor,Europa
Tranciams,Earth
Tranklinay,Earth
Trankliney,Earth
Trantermle,Europa
Trattle,Europa
Traverdy,Earth
Tre,Mars
Trerady,Earth
Tronsive,Europa
Trupistic,Europa
Tuckers,Earth
Unaasor,Europa
Unaring,Europa
Unative,Europa
Uncionted,Europa
Unconary,Europa
Unfile,Europa
Unhaftimle,Europa
Unhearfus,Europa
Uningably,Europa
Unkcal,Europa
Unkcatted,Europa
Unkepery,Europa
Unloweedic,Europa
Unpasine,Europa
Unprive,Europa
Unreezy,Europa
Unregul,Europa
Unrent,Europa
Unrespery,Europa
Unressind,Europa
Unretereng,Europa
Unsible,Europa
Unsive,Europa
Unteckery,Europa
Upead,Mars
Urablele,Europa
Vales,Earth
Valexandez,Earth
Valey,Earth
Valezaley,Earth
Valindle,Europa
Valing,Europa
Valousead,Europa
Vandan,Earth
Vandez,Earth
Vanglis,Earth
Vantonson,Earth
Vaught,Earth
Vendeck,Europa
Venticable,Europa
Veriedeezy,Europa
Vertfull,Europa
Vicke,Mars
Villenson,Earth
Vincenton,Earth
Vines,Earth
Vinozarks,Earth
Vinston,Earth
Vlake,Mars
Vlart,Mars
Vlate,Mars
Vloaf,Mars
Voliat,Europa
Volloor,Europa
Waderoachez,Earth
Wagnerray,Earth
Wala,Mars
Walkerez,Earth
Wallerson,Earth
Walston,Earth
Walterson,Earth
Waltonnedy,Earth
Waltonson,Earth
Walé,Mars
Wardendez,Earth
Waring,Europa
Warrishales,Earth
Warrison,Earth
Wartyson,Earth
Wassird,Europa
Wasterivel,Europa
Wate,Mars
Water,Earth
Waterson,Earth
Watie,Mars
Watkinsley,Earth
Watorivedy,Europa
Watsongley,Earth
Watte,Mars
Watuald,Europa
Weaverays,Earth
Weaves,Earth
Weavesend,Earth
Weberton,Earth
Weberts,Earth
Webstenson,Earth
Webstephrey,Earth
Webstes,Earth
Weeke,Mars
Weissey,Earth
Wellenez,Earth
Welles,Earth
Wellierras,Earth
Welltonces,Earth
Welte,Mars
Welto,Mars
Whealeed,Europa
Wheededly,Europa
Wheelez,Earth
Whetedy,Europa
Whibid,Europa
Whifounrew,Europa
Whitakers,Earth
Whiters,Earth
Whitersone,Earth
Whitez,Earth
Whitledges,Earth
Whitneyes,Earth
Wiggs,Earth
Wiggson,Earth
Wilderssen,Earth
Wilkinner,Earth
Willangsey,Earth
Williotters,Earth
Willy,Earth
Willynnedy,Earth
Wilsoney,Earth
Win,Mars
Wincer,Europa
Windend,Europa
Wingcoling,Europa
Winie,Mars
Winsley,Earth
Wirdley,Europa
Wirybody,Europa
Wist,Mars
Witalnerod,Europa
Witeronfus,Europa
Wolfaddox,Earth
Wolferguson,Earth
Wolfernan,Earth
Wolferton,Earth
Wolffy,Earth
Wonglasquez,Earth
Woodgezalez,Earth
Woodwardy,Earth
Woodwin,Earth
Woodwinez,Earth
Woodwinton,Earth
Woody,Earth
Wooes,Mars
Wooterston,Earth
Workmans,Earth
Workmanson,Earth
Wrempeedly,Europa
Wriggins,Earth
Wynneyerson,Earth
Yanton,Earth
Yatters,Earth
Yorkland,Earth
Youngrayes,Earth
